#
# There is insufficient memory for the Java Runtime Environment to continue.
# Native memory allocation (mmap) failed to map 65536 bytes. Error detail: committing reserved memory.
# Possible reasons:
#   The system is out of physical RAM or swap space
#   This process is running with CompressedOops enabled, and the Java Heap may be blocking the growth of the native heap
# Possible solutions:
#   Reduce memory load on the system
#   Increase physical memory or swap space
#   Check if swap backing store is full
#   Decrease Java heap size (-Xmx/-Xms)
#   Decrease number of Java threads
#   Decrease Java thread stack sizes (-Xss)
#   Set larger code cache with -XX:ReservedCodeCacheSize=
#   JVM is running with Unscaled Compressed Oops mode in which the Java heap is
#     placed in the first 4GB address space. The Java Heap base address is the
#     maximum limit for the native heap growth. Please use -XX:HeapBaseMinAddress
#     to set the Java Heap base and to place the Java Heap above 4GB virtual address.
# This output file may be truncated or incomplete.
#
#  Out of Memory Error (os_linux.cpp:2832), pid=2026, tid=2043
#
# JRE version: OpenJDK Runtime Environment (17.0.16+8) (build 17.0.16+8-Debian-1deb12u1)
# Java VM: OpenJDK 64-Bit Server VM (17.0.16+8-Debian-1deb12u1, mixed mode, sharing, tiered, compressed oops, compressed class ptrs, g1 gc, linux-amd64)
# No core dump will be written. Core dumps have been disabled. To enable core dumping, try "ulimit -c unlimited" before starting Java again
#

---------------  S U M M A R Y ------------

Command Line: -XX:MaxMetaspaceSize=512m -XX:+UseG1GC --add-opens=java.base/java.util=ALL-UNNAMED --add-opens=java.base/java.lang=ALL-UNNAMED --add-opens=java.base/java.lang.invoke=ALL-UNNAMED --add-opens=java.prefs/java.util.prefs=ALL-UNNAMED --add-opens=java.base/java.nio.charset=ALL-UNNAMED --add-opens=java.base/java.net=ALL-UNNAMED --add-opens=java.base/java.util.concurrent.atomic=ALL-UNNAMED -Xmx2g -Dfile.encoding=UTF-8 -Duser.country -Duser.language=en -Duser.variant -javaagent:/tmp/gradle-8.5/lib/agents/gradle-instrumentation-agent-8.5.jar org.gradle.launcher.daemon.bootstrap.GradleDaemon 8.5

Host: Intel(R) Xeon(R) Processor @ 2.50GHz, 2 cores, 2G, Debian GNU/Linux 12 (bookworm)
Time: Thu Aug 27 07:13:58 2026 UTC elapsed time: 81.881381 seconds (0d 0h 1m 21s)

---------------  T H R E A D  ---------------

Current thread (0x00007f76b40e3ba0):  JavaThread "C1 CompilerThread0" daemon [_thread_in_vm, id=2043, stack(0x00007f76899fb000,0x00007f7689afb000)]


Current CompileTask:
C1:  81883 19359       3       org.jetbrains.kotlin.fir.java.deserialization.JvmBinaryAnnotationDeserializer::loadValueParameterAnnotations (98 bytes)

Stack: [0x00007f76899fb000,0x00007f7689afb000],  sp=0x00007f7689af8d80,  free space=1015k
Native frames: (J=compiled Java code, j=interpreted, Vv=VM code, C=native code)
V  [libjvm.so+0xf21441]  VMError::report_and_die(int, char const*, char const*, __va_list_tag*, Thread*, unsigned char*, void*, void*, char const*, int, unsigned long)+0x171
V  [libjvm.so+0xf21fad]  VMError::report_and_die(Thread*, char const*, int, unsigned long, VMErrorType, char const*, __va_list_tag*)+0x2d
V  [libjvm.so+0x602fcc]  report_vm_out_of_memory(char const*, int, unsigned long, VMErrorType, char const*, ...)+0xdc
V  [libjvm.so+0xc298ba]  os::pd_commit_memory(char*, unsigned long, unsigned long, bool)+0xda
V  [libjvm.so+0xc2384d]  os::commit_memory(char*, unsigned long, unsigned long, bool)+0x1d
V  [libjvm.so+0xf19733]  VirtualSpace::expand_by(unsigned long, bool)+0xe3
V  [libjvm.so+0x7c145e]  CodeHeap::expand_by(unsigned long)+0x8e
V  [libjvm.so+0x5a0aaa]  CodeCache::allocate(int, int, bool, int)+0x7a
V  [libjvm.so+0xbee1a2]  nmethod::new_nmethod(methodHandle const&, int, int, CodeOffsets*, int, DebugInformationRecorder*, Dependencies*, CodeBuffer*, int, OopMapSet*, ExceptionHandlerTable*, ImplicitExceptionTable*, AbstractCompiler*, int, GrowableArrayView<RuntimeStub*> const&, char*, int, int, char const*, FailedSpeculation**)+0x162
V  [libjvm.so+0x54026b]  ciEnv::register_method(ciMethod*, int, CodeOffsets*, int, CodeBuffer*, int, OopMapSet*, ExceptionHandlerTable*, ImplicitExceptionTable*, AbstractCompiler*, bool, bool, RTMState, GrowableArrayView<RuntimeStub*> const&)+0x3eb
V  [libjvm.so+0x461c57]  Compilation::install_code(int)+0xa7
V  [libjvm.so+0x462e5d]  Compilation::compile_method()+0x27d
V  [libjvm.so+0x4630bc]  Compilation::Compilation(AbstractCompiler*, ciEnv*, ciMethod*, int, BufferBlob*, bool, DirectiveSet*)+0x20c
V  [libjvm.so+0x463c16]  Compiler::compile_method(ciEnv*, ciMethod*, int, bool, DirectiveSet*)+0xb6
V  [libjvm.so+0x5d7b13]  CompileBroker::invoke_compiler_on_method(CompileTask*)+0xe93
V  [libjvm.so+0x5d8a38]  CompileBroker::compiler_thread_loop()+0x728
V  [libjvm.so+0xe9fd5f]  JavaThread::thread_main_inner()+0x1af
V  [libjvm.so+0xea3585]  Thread::call_run()+0xa5
V  [libjvm.so+0xc2c1f3]  thread_native_entry(Thread*)+0xe3


---------------  P R O C E S S  ---------------

Threads class SMR info:
_java_thread_list=0x00007f764c025a90, length=46, elements={
0x00007f76b401a580, 0x00007f76b40d6440, 0x00007f76b40d7820, 0x00007f76b40de500,
0x00007f76b40df8b0, 0x00007f76b40e0cc0, 0x00007f76b40e2670, 0x00007f76b40e3ba0,
0x00007f76b40e5010, 0x00007f76b40f0a60, 0x00007f76b41e9070, 0x00007f76b522b1c0,
0x00007f76b52acc20, 0x00007f76b52d65d0, 0x00007f764c017200, 0x00007f7654001d80,
0x00007f7654006dd0, 0x00007f765400bd70, 0x00007f768400bd80, 0x00007f7684007c90,
0x00007f768400fd20, 0x00007f768419a500, 0x00007f76841a3c20, 0x00007f768433a190,
0x00007f7684673fb0, 0x00007f76846ccbe0, 0x00007f76846d95b0, 0x00007f76846dc810,
0x00007f7684760e40, 0x00007f76847bde10, 0x00007f7684999fe0, 0x00007f7684ac6bc0,
0x00007f7684aced00, 0x00007f7684b34eb0, 0x00007f7684d8dd90, 0x00007f768638be00,
0x00007f76865635a0, 0x00007f76868cb3a0, 0x00007f76855cd810, 0x0000560486dda7c0,
0x0000560486e09fd0, 0x0000560486e18ac0, 0x0000560486e5cab0, 0x0000560486e549b0,
0x0000560486f03510, 0x00007f764c024a10
}

Java Threads: ( => current thread )
  0x00007f76b401a580 JavaThread "main" [_thread_blocked, id=2028, stack(0x00007f76b86da000,0x00007f76b87da000)]
  0x00007f76b40d6440 JavaThread "Reference Handler" daemon [_thread_blocked, id=2037, stack(0x00007f7698059000,0x00007f7698159000)]
  0x00007f76b40d7820 JavaThread "Finalizer" daemon [_thread_blocked, id=2038, stack(0x00007f7689f00000,0x00007f768a000000)]
  0x00007f76b40de500 JavaThread "Signal Dispatcher" daemon [_thread_blocked, id=2039, stack(0x00007f7689dff000,0x00007f7689eff000)]
  0x00007f76b40df8b0 JavaThread "Service Thread" daemon [_thread_blocked, id=2040, stack(0x00007f7689cfe000,0x00007f7689dfe000)]
  0x00007f76b40e0cc0 JavaThread "Monitor Deflation Thread" daemon [_thread_blocked, id=2041, stack(0x00007f7689bfd000,0x00007f7689cfd000)]
  0x00007f76b40e2670 JavaThread "C2 CompilerThread0" daemon [_thread_blocked, id=2042, stack(0x00007f7689afc000,0x00007f7689bfc000)]
=>0x00007f76b40e3ba0 JavaThread "C1 CompilerThread0" daemon [_thread_in_vm, id=2043, stack(0x00007f76899fb000,0x00007f7689afb000)]
  0x00007f76b40e5010 JavaThread "Sweeper thread" daemon [_thread_blocked, id=2044, stack(0x00007f76898fa000,0x00007f76899fa000)]
  0x00007f76b40f0a60 JavaThread "Common-Cleaner" daemon [_thread_blocked, id=2045, stack(0x00007f76897f9000,0x00007f76898f9000)]
  0x00007f76b41e9070 JavaThread "Notification Thread" daemon [_thread_blocked, id=2046, stack(0x00007f76896f8000,0x00007f76897f8000)]
  0x00007f76b522b1c0 JavaThread "Daemon health stats" [_thread_blocked, id=2053, stack(0x00007f76892f4000,0x00007f76893f4000)]
  0x00007f76b52acc20 JavaThread "Incoming local TCP Connector on port 36957" [_thread_in_native, id=2054, stack(0x00007f7688f00000,0x00007f7689000000)]
  0x00007f76b52d65d0 JavaThread "Daemon periodic checks" [_thread_blocked, id=2056, stack(0x00007f7688b00000,0x00007f7688c00000)]
  0x00007f764c017200 JavaThread "Daemon" [_thread_blocked, id=2057, stack(0x00007f76889ff000,0x00007f7688aff000)]
  0x00007f7654001d80 JavaThread "Handler for socket connection from /127.0.0.1:36957 to /127.0.0.1:38252" [_thread_in_native, id=2058, stack(0x00007f76888fe000,0x00007f76889fe000)]
  0x00007f7654006dd0 JavaThread "Cancel handler" [_thread_blocked, id=2059, stack(0x00007f76887fd000,0x00007f76888fd000)]
  0x00007f765400bd70 JavaThread "Daemon worker" [_thread_blocked, id=2060, stack(0x00007f76886fc000,0x00007f76887fc000)]
  0x00007f768400bd80 JavaThread "Asynchronous log dispatcher for DefaultDaemonConnection: socket connection from /127.0.0.1:36957 to /127.0.0.1:38252" [_thread_blocked, id=2062, stack(0x00007f76885fb000,0x00007f76886fb000)]
  0x00007f7684007c90 JavaThread "Stdin handler" [_thread_blocked, id=2064, stack(0x00007f76884fa000,0x00007f76885fa000)]
  0x00007f768400fd20 JavaThread "Daemon client event forwarder" [_thread_blocked, id=2065, stack(0x00007f76883f9000,0x00007f76884f9000)]
  0x00007f768419a500 JavaThread "Cache worker for journal cache (/root/.gradle/caches/journal-1)" [_thread_blocked, id=2067, stack(0x00007f76882f8000,0x00007f76883f8000)]
  0x00007f76841a3c20 JavaThread "File lock request listener" [_thread_in_native, id=2068, stack(0x00007f76881f7000,0x00007f76882f7000)]
  0x00007f768433a190 JavaThread "Cache worker for file hash cache (/root/.gradle/caches/8.5/fileHashes)" [_thread_blocked, id=2070, stack(0x00007f76880f6000,0x00007f76881f6000)]
  0x00007f7684673fb0 JavaThread "Cache worker for checksums cache (/workspace/proles_server/.gradle/8.5/checksums)" [_thread_blocked, id=2073, stack(0x00007f7660ba1000,0x00007f7660ca1000)]
  0x00007f76846ccbe0 JavaThread "Cache worker for file hash cache (/workspace/proles_server/.gradle/8.5/fileHashes)" [_thread_blocked, id=2074, stack(0x00007f7660f00000,0x00007f7661000000)]
  0x00007f76846d95b0 JavaThread "Cache worker for cache directory md-supplier (/root/.gradle/caches/8.5/md-supplier)" [_thread_blocked, id=2075, stack(0x00007f7660dff000,0x00007f7660eff000)]
  0x00007f76846dc810 JavaThread "Cache worker for cache directory md-rule (/root/.gradle/caches/8.5/md-rule)" [_thread_blocked, id=2076, stack(0x00007f7660cfe000,0x00007f7660dfe000)]
  0x00007f7684760e40 JavaThread "Cache worker for file content cache (/root/.gradle/caches/8.5/fileContent)" [_thread_blocked, id=2077, stack(0x00007f7660aa0000,0x00007f7660ba0000)]
  0x00007f76847bde10 JavaThread "Cache worker for execution history cache (/root/.gradle/caches/8.5/executionHistory)" [_thread_blocked, id=2079, stack(0x00007f766099f000,0x00007f7660a9f000)]
  0x00007f7684999fe0 JavaThread "Cache worker for kotlin-dsl (/root/.gradle/caches/8.5/kotlin-dsl)" [_thread_blocked, id=2082, stack(0x00007f766089e000,0x00007f766099e000)]
  0x00007f7684ac6bc0 JavaThread "jar transforms" [_thread_blocked, id=2084, stack(0x00007f766079d000,0x00007f766089d000)]
  0x00007f7684aced00 JavaThread "jar transforms Thread 2" [_thread_blocked, id=2085, stack(0x00007f766069c000,0x00007f766079c000)]
  0x00007f7684b34eb0 JavaThread "Cache worker for dependencies-accessors (/workspace/proles_server/.gradle/8.5/dependencies-accessors)" [_thread_blocked, id=2087, stack(0x00007f766059b000,0x00007f766069b000)]
  0x00007f7684d8dd90 JavaThread "Cache worker for Build Output Cleanup Cache (/workspace/proles_server/.gradle/buildOutputCleanup)" [_thread_blocked, id=2089, stack(0x00007f766049a000,0x00007f766059a000)]
  0x00007f768638be00 JavaThread "Unconstrained build operations" [_thread_blocked, id=2116, stack(0x00007f7660399000,0x00007f7660499000)]
  0x00007f76865635a0 JavaThread "build event listener" [_thread_blocked, id=2119, stack(0x00007f7660298000,0x00007f7660398000)]
  0x00007f76868cb3a0 JavaThread "Memory manager" [_thread_blocked, id=2122, stack(0x00007f7660197000,0x00007f7660297000)]
  0x00007f76855cd810 JavaThread "included builds" [_thread_blocked, id=2138, stack(0x00007f7660096000,0x00007f7660196000)]
  0x0000560486dda7c0 JavaThread "Cache worker for execution history cache (/workspace/proles_server/.gradle/8.5/executionHistory)" [_thread_blocked, id=2139, stack(0x00007f763444d000,0x00007f763454d000)]
  0x0000560486e09fd0 JavaThread "Unconstrained build operations Thread 2" [_thread_blocked, id=2142, stack(0x00007f763434c000,0x00007f763444c000)]
  0x0000560486e18ac0 JavaThread "Unconstrained build operations Thread 3" [_thread_blocked, id=2143, stack(0x00007f763424b000,0x00007f763434b000)]
  0x0000560486e5cab0 JavaThread "Unconstrained build operations Thread 4" [_thread_blocked, id=2144, stack(0x00007f763414a000,0x00007f763424a000)]
  0x0000560486e549b0 JavaThread "Unconstrained build operations Thread 5" [_thread_blocked, id=2146, stack(0x00007f7634049000,0x00007f7634149000)]
  0x0000560486f03510 JavaThread "WorkerExecutor Queue" [_thread_blocked, id=2149, stack(0x00007f762ff00000,0x00007f7630000000)]
  0x00007f764c024a10 JavaThread "pool-1-thread-1" [_thread_blocked, id=2150, stack(0x00007f762fdff000,0x00007f762feff000)]

Other Threads:
  0x00007f76b40d2380 VMThread "VM Thread" [stack: 0x00007f769815a000,0x00007f769825a000] [id=2036] _threads_hazard_ptr=0x00007f764c025a90
  0x00007f76b401c990 WatcherThread [stack: 0x00007f76895f7000,0x00007f76896f7000] [id=2047]
  0x00007f76b4075350 GCTaskThread "GC Thread#0" [stack: 0x00007f76b816f000,0x00007f76b826f000] [id=2030]
  0x00007f765c004990 GCTaskThread "GC Thread#1" [stack: 0x00007f76894f6000,0x00007f76895f6000] [id=2048]
  0x00007f76b4086930 ConcurrentGCThread "G1 Main Marker" [stack: 0x00007f76b806e000,0x00007f76b816e000] [id=2031]
  0x00007f76b40878a0 ConcurrentGCThread "G1 Conc#0" [stack: 0x00007f769884d000,0x00007f769894d000] [id=2032]
  0x00007f76b40a64d0 ConcurrentGCThread "G1 Refine#0" [stack: 0x00007f769854a000,0x00007f769864a000] [id=2033]
  0x00007f7684000ea0 ConcurrentGCThread "G1 Refine#1" [stack: 0x00007f76893f5000,0x00007f76894f5000] [id=2050]
  0x00007f76b40a73d0 ConcurrentGCThread "G1 Service" [stack: 0x00007f7698449000,0x00007f7698549000] [id=2034]

Threads with active compile tasks:
C2 CompilerThread0    82212 19363       4       org.jetbrains.kotlin.fir.types.builder.FirResolvedTypeRefBuilder::<init> (19 bytes)
C1 CompilerThread0    82212 19359       3       org.jetbrains.kotlin.fir.java.deserialization.JvmBinaryAnnotationDeserializer::loadValueParameterAnnotations (98 bytes)

VM state: synchronizing (normal execution)

VM Mutex/Monitor currently owned by a thread:  ([mutex/lock_event])
[0x00007f76b4016030] CodeCache_lock - owner thread: 0x00007f76b40e3ba0
[0x00007f76b4017370] Threads_lock - owner thread: 0x00007f76b40d2380
[0x00007f76b40182c0] Compile_lock - owner thread: 0x00007f76b40e3ba0
[0x00007f76b40184d0] MethodCompileQueue_lock - owner thread: 0x00007f76b40e3ba0

Heap address: 0x0000000080000000, size: 2048 MB, Compressed Oops mode: 32-bit

CDS archive(s) mapped at: [0x00007f7661000000-0x00007f7661bca000-0x00007f7661bca000), size 12361728, SharedBaseAddress: 0x00007f7661000000, ArchiveRelocationMode: 1.
Compressed class space mapped at: 0x00007f7662000000-0x00007f767c000000, reserved size: 436207616
Narrow klass base: 0x00007f7661000000, Narrow klass shift: 0, Narrow klass range: 0x100000000

GC Precious Log:
 CPUs: 2 total, 2 available
 Memory: 2048M
 Large Page Support: Disabled
 NUMA Support: Disabled
 Compressed Oops: Enabled (32-bit)
 Heap Region Size: 1M
 Heap Min Capacity: 8M
 Heap Initial Capacity: 32M
 Heap Max Capacity: 2G
 Pre-touch: Disabled
 Parallel Workers: 2
 Concurrent Workers: 1
 Concurrent Refinement Workers: 2
 Periodic GC: Disabled

Heap:
 garbage-first heap   total 450560K, used 283060K [0x0000000080000000, 0x0000000100000000)
  region size 1024K, 130 young (133120K), 1 survivors (1024K)
 Metaspace       used 166752K, committed 167616K, reserved 622592K
  class space    used 21269K, committed 21632K, reserved 425984K

Heap Regions: E=young(eden), S=young(survivor), O=old, HS=humongous(starts), HC=humongous(continues), CS=collection set, F=free, OA=open archive, CA=closed archive, TAMS=top-at-mark-start (previous, next)
|   0|0x0000000080000000, 0x0000000080100000, 0x0000000080100000|100%| O|  |TAMS 0x0000000080100000, 0x0000000080000000| Untracked 
|   1|0x0000000080100000, 0x0000000080200000, 0x0000000080200000|100%|HS|  |TAMS 0x0000000080200000, 0x0000000080100000| Complete 
|   2|0x0000000080200000, 0x0000000080300000, 0x0000000080300000|100%|HC|  |TAMS 0x0000000080300000, 0x0000000080200000| Complete 
|   3|0x0000000080300000, 0x0000000080400000, 0x0000000080400000|100%|HC|  |TAMS 0x0000000080400000, 0x0000000080300000| Complete 
|   4|0x0000000080400000, 0x0000000080500000, 0x0000000080500000|100%|HC|  |TAMS 0x0000000080500000, 0x0000000080400000| Complete 
|   5|0x0000000080500000, 0x0000000080600000, 0x0000000080600000|100%| O|  |TAMS 0x0000000080600000, 0x0000000080500000| Untracked 
|   6|0x0000000080600000, 0x0000000080700000, 0x0000000080700000|100%| O|  |TAMS 0x0000000080700000, 0x0000000080600000| Untracked 
|   7|0x0000000080700000, 0x0000000080800000, 0x0000000080800000|100%| O|  |TAMS 0x0000000080800000, 0x0000000080700000| Untracked 
|   8|0x0000000080800000, 0x0000000080900000, 0x0000000080900000|100%| O|  |TAMS 0x0000000080900000, 0x0000000080800000| Untracked 
|   9|0x0000000080900000, 0x0000000080a00000, 0x0000000080a00000|100%| O|  |TAMS 0x0000000080a00000, 0x0000000080900000| Untracked 
|  10|0x0000000080a00000, 0x0000000080b00000, 0x0000000080b00000|100%| O|  |TAMS 0x0000000080b00000, 0x0000000080a00000| Untracked 
|  11|0x0000000080b00000, 0x0000000080c00000, 0x0000000080c00000|100%| O|  |TAMS 0x0000000080c00000, 0x0000000080b00000| Untracked 
|  12|0x0000000080c00000, 0x0000000080d00000, 0x0000000080d00000|100%| O|  |TAMS 0x0000000080d00000, 0x0000000080c00000| Untracked 
|  13|0x0000000080d00000, 0x0000000080e00000, 0x0000000080e00000|100%| O|  |TAMS 0x0000000080e00000, 0x0000000080d00000| Untracked 
|  14|0x0000000080e00000, 0x0000000080f00000, 0x0000000080f00000|100%| O|  |TAMS 0x0000000080f00000, 0x0000000080e00000| Untracked 
|  15|0x0000000080f00000, 0x0000000081000000, 0x0000000081000000|100%| O|  |TAMS 0x0000000081000000, 0x0000000080f00000| Untracked 
|  16|0x0000000081000000, 0x0000000081100000, 0x0000000081100000|100%| O|  |TAMS 0x0000000081100000, 0x0000000081000000| Untracked 
|  17|0x0000000081100000, 0x0000000081200000, 0x0000000081200000|100%| O|  |TAMS 0x0000000081200000, 0x0000000081100000| Untracked 
|  18|0x0000000081200000, 0x0000000081300000, 0x0000000081300000|100%| O|  |TAMS 0x0000000081300000, 0x0000000081200000| Untracked 
|  19|0x0000000081300000, 0x0000000081400000, 0x0000000081400000|100%| O|  |TAMS 0x0000000081400000, 0x0000000081300000| Untracked 
|  20|0x0000000081400000, 0x0000000081500000, 0x0000000081500000|100%| O|  |TAMS 0x0000000081500000, 0x0000000081400000| Untracked 
|  21|0x0000000081500000, 0x0000000081600000, 0x0000000081600000|100%| O|  |TAMS 0x0000000081600000, 0x0000000081500000| Untracked 
|  22|0x0000000081600000, 0x0000000081700000, 0x0000000081700000|100%| O|  |TAMS 0x0000000081700000, 0x0000000081600000| Untracked 
|  23|0x0000000081700000, 0x0000000081800000, 0x0000000081800000|100%| O|  |TAMS 0x0000000081800000, 0x0000000081700000| Untracked 
|  24|0x0000000081800000, 0x0000000081900000, 0x0000000081900000|100%| O|  |TAMS 0x0000000081900000, 0x0000000081800000| Untracked 
|  25|0x0000000081900000, 0x0000000081a00000, 0x0000000081a00000|100%| O|  |TAMS 0x0000000081a00000, 0x0000000081900000| Untracked 
|  26|0x0000000081a00000, 0x0000000081b00000, 0x0000000081b00000|100%| O|  |TAMS 0x0000000081b00000, 0x0000000081a00000| Untracked 
|  27|0x0000000081b00000, 0x0000000081c00000, 0x0000000081c00000|100%| O|  |TAMS 0x0000000081c00000, 0x0000000081b00000| Untracked 
|  28|0x0000000081c00000, 0x0000000081d00000, 0x0000000081d00000|100%| O|  |TAMS 0x0000000081d00000, 0x0000000081c00000| Untracked 
|  29|0x0000000081d00000, 0x0000000081e00000, 0x0000000081e00000|100%| O|  |TAMS 0x0000000081e00000, 0x0000000081d00000| Untracked 
|  30|0x0000000081e00000, 0x0000000081f00000, 0x0000000081f00000|100%| O|  |TAMS 0x0000000081e00000, 0x0000000081e00000| Untracked 
|  31|0x0000000081f00000, 0x0000000082000000, 0x0000000082000000|100%| O|  |TAMS 0x0000000081f00000, 0x0000000081f00000| Untracked 
|  32|0x0000000082000000, 0x0000000082100000, 0x0000000082100000|100%|HS|  |TAMS 0x0000000082000000, 0x0000000082000000| Complete 
|  33|0x0000000082100000, 0x0000000082200000, 0x0000000082200000|100%| O|  |TAMS 0x0000000082100000, 0x0000000082100000| Untracked 
|  34|0x0000000082200000, 0x0000000082300000, 0x0000000082300000|100%| O|  |TAMS 0x0000000082200000, 0x0000000082200000| Untracked 
|  35|0x0000000082300000, 0x0000000082400000, 0x0000000082400000|100%| O|  |TAMS 0x0000000082300000, 0x0000000082300000| Untracked 
|  36|0x0000000082400000, 0x0000000082500000, 0x0000000082500000|100%| O|  |TAMS 0x0000000082400000, 0x0000000082400000| Untracked 
|  37|0x0000000082500000, 0x0000000082600000, 0x0000000082600000|100%| O|  |TAMS 0x0000000082600000, 0x0000000082500000| Untracked 
|  38|0x0000000082600000, 0x0000000082700000, 0x0000000082700000|100%| O|  |TAMS 0x0000000082700000, 0x0000000082600000| Untracked 
|  39|0x0000000082700000, 0x0000000082800000, 0x0000000082800000|100%| O|  |TAMS 0x0000000082800000, 0x0000000082700000| Untracked 
|  40|0x0000000082800000, 0x0000000082900000, 0x0000000082900000|100%| O|  |TAMS 0x0000000082900000, 0x0000000082800000| Untracked 
|  41|0x0000000082900000, 0x0000000082a00000, 0x0000000082a00000|100%| O|  |TAMS 0x0000000082a00000, 0x0000000082900000| Untracked 
|  42|0x0000000082a00000, 0x0000000082b00000, 0x0000000082b00000|100%| O|  |TAMS 0x0000000082b00000, 0x0000000082a00000| Untracked 
|  43|0x0000000082b00000, 0x0000000082c00000, 0x0000000082c00000|100%| O|  |TAMS 0x0000000082c00000, 0x0000000082b00000| Untracked 
|  44|0x0000000082c00000, 0x0000000082d00000, 0x0000000082d00000|100%| O|  |TAMS 0x0000000082d00000, 0x0000000082c00000| Untracked 
|  45|0x0000000082d00000, 0x0000000082e00000, 0x0000000082e00000|100%| O|  |TAMS 0x0000000082e00000, 0x0000000082d00000| Untracked 
|  46|0x0000000082e00000, 0x0000000082f00000, 0x0000000082f00000|100%| O|  |TAMS 0x0000000082f00000, 0x0000000082e00000| Untracked 
|  47|0x0000000082f00000, 0x0000000083000000, 0x0000000083000000|100%| O|  |TAMS 0x0000000083000000, 0x0000000082f00000| Untracked 
|  48|0x0000000083000000, 0x0000000083100000, 0x0000000083100000|100%| O|  |TAMS 0x0000000083100000, 0x0000000083000000| Untracked 
|  49|0x0000000083100000, 0x0000000083200000, 0x0000000083200000|100%| O|  |TAMS 0x0000000083200000, 0x0000000083100000| Untracked 
|  50|0x0000000083200000, 0x0000000083300000, 0x0000000083300000|100%| O|  |TAMS 0x0000000083300000, 0x0000000083200000| Untracked 
|  51|0x0000000083300000, 0x0000000083400000, 0x0000000083400000|100%| O|  |TAMS 0x0000000083400000, 0x0000000083300000| Untracked 
|  52|0x0000000083400000, 0x0000000083500000, 0x0000000083500000|100%| O|  |TAMS 0x0000000083500000, 0x0000000083400000| Untracked 
|  53|0x0000000083500000, 0x0000000083600000, 0x0000000083600000|100%| O|  |TAMS 0x0000000083600000, 0x0000000083500000| Untracked 
|  54|0x0000000083600000, 0x0000000083700000, 0x0000000083700000|100%| O|  |TAMS 0x0000000083700000, 0x0000000083600000| Untracked 
|  55|0x0000000083700000, 0x0000000083800000, 0x0000000083800000|100%| O|  |TAMS 0x0000000083800000, 0x0000000083700000| Untracked 
|  56|0x0000000083800000, 0x0000000083900000, 0x0000000083900000|100%| O|  |TAMS 0x0000000083900000, 0x0000000083800000| Untracked 
|  57|0x0000000083900000, 0x0000000083a00000, 0x0000000083a00000|100%| O|  |TAMS 0x0000000083a00000, 0x0000000083900000| Untracked 
|  58|0x0000000083a00000, 0x0000000083b00000, 0x0000000083b00000|100%| O|  |TAMS 0x0000000083b00000, 0x0000000083a00000| Untracked 
|  59|0x0000000083b00000, 0x0000000083c00000, 0x0000000083c00000|100%| O|  |TAMS 0x0000000083c00000, 0x0000000083b00000| Untracked 
|  60|0x0000000083c00000, 0x0000000083d00000, 0x0000000083d00000|100%|HS|  |TAMS 0x0000000083c00000, 0x0000000083c00000| Complete 
|  61|0x0000000083d00000, 0x0000000083e00000, 0x0000000083e00000|100%| O|  |TAMS 0x0000000083e00000, 0x0000000083d00000| Untracked 
|  62|0x0000000083e00000, 0x0000000083f00000, 0x0000000083f00000|100%|HS|  |TAMS 0x0000000083f00000, 0x0000000083e00000| Complete 
|  63|0x0000000083f00000, 0x0000000084000000, 0x0000000084000000|100%|HC|  |TAMS 0x0000000084000000, 0x0000000083f00000| Complete 
|  64|0x0000000084000000, 0x0000000084100000, 0x0000000084100000|100%|HS|  |TAMS 0x0000000084100000, 0x0000000084000000| Complete 
|  65|0x0000000084100000, 0x0000000084200000, 0x0000000084200000|100%|HC|  |TAMS 0x0000000084200000, 0x0000000084100000| Complete 
|  66|0x0000000084200000, 0x0000000084300000, 0x0000000084300000|100%|HS|  |TAMS 0x0000000084300000, 0x0000000084200000| Complete 
|  67|0x0000000084300000, 0x0000000084400000, 0x0000000084400000|100%|HC|  |TAMS 0x0000000084400000, 0x0000000084300000| Complete 
|  68|0x0000000084400000, 0x0000000084500000, 0x0000000084500000|100%|HC|  |TAMS 0x0000000084500000, 0x0000000084400000| Complete 
|  69|0x0000000084500000, 0x0000000084600000, 0x0000000084600000|100%|HS|  |TAMS 0x0000000084600000, 0x0000000084500000| Complete 
|  70|0x0000000084600000, 0x0000000084700000, 0x0000000084700000|100%|HC|  |TAMS 0x0000000084700000, 0x0000000084600000| Complete 
|  71|0x0000000084700000, 0x0000000084800000, 0x0000000084800000|100%|HC|  |TAMS 0x0000000084800000, 0x0000000084700000| Complete 
|  72|0x0000000084800000, 0x0000000084900000, 0x0000000084900000|100%| O|  |TAMS 0x0000000084900000, 0x0000000084800000| Untracked 
|  73|0x0000000084900000, 0x0000000084a00000, 0x0000000084a00000|100%| O|  |TAMS 0x0000000084a00000, 0x0000000084900000| Untracked 
|  74|0x0000000084a00000, 0x0000000084b00000, 0x0000000084b00000|100%| O|  |TAMS 0x0000000084b00000, 0x0000000084a00000| Untracked 
|  75|0x0000000084b00000, 0x0000000084c00000, 0x0000000084c00000|100%| O|  |TAMS 0x0000000084c00000, 0x0000000084b00000| Untracked 
|  76|0x0000000084c00000, 0x0000000084d00000, 0x0000000084d00000|100%| O|  |TAMS 0x0000000084d00000, 0x0000000084c00000| Untracked 
|  77|0x0000000084d00000, 0x0000000084e00000, 0x0000000084e00000|100%| O|  |TAMS 0x0000000084e00000, 0x0000000084d00000| Untracked 
|  78|0x0000000084e00000, 0x0000000084f00000, 0x0000000084f00000|100%| O|  |TAMS 0x0000000084f00000, 0x0000000084e00000| Untracked 
|  79|0x0000000084f00000, 0x0000000085000000, 0x0000000085000000|100%| O|  |TAMS 0x0000000085000000, 0x0000000084f00000| Untracked 
|  80|0x0000000085000000, 0x0000000085100000, 0x0000000085100000|100%| O|  |TAMS 0x0000000085100000, 0x0000000085000000| Untracked 
|  81|0x0000000085100000, 0x0000000085200000, 0x0000000085200000|100%| O|  |TAMS 0x0000000085200000, 0x0000000085100000| Untracked 
|  82|0x0000000085200000, 0x0000000085300000, 0x0000000085300000|100%| O|  |TAMS 0x0000000085300000, 0x0000000085200000| Untracked 
|  83|0x0000000085300000, 0x0000000085400000, 0x0000000085400000|100%| O|  |TAMS 0x0000000085400000, 0x0000000085300000| Untracked 
|  84|0x0000000085400000, 0x0000000085500000, 0x0000000085500000|100%| O|  |TAMS 0x0000000085500000, 0x0000000085400000| Untracked 
|  85|0x0000000085500000, 0x0000000085600000, 0x0000000085600000|100%| O|  |TAMS 0x0000000085600000, 0x0000000085500000| Untracked 
|  86|0x0000000085600000, 0x0000000085700000, 0x0000000085700000|100%| O|  |TAMS 0x0000000085700000, 0x0000000085600000| Untracked 
|  87|0x0000000085700000, 0x0000000085800000, 0x0000000085800000|100%| O|  |TAMS 0x0000000085800000, 0x0000000085700000| Untracked 
|  88|0x0000000085800000, 0x0000000085900000, 0x0000000085900000|100%| O|  |TAMS 0x0000000085900000, 0x0000000085800000| Untracked 
|  89|0x0000000085900000, 0x0000000085a00000, 0x0000000085a00000|100%| O|  |TAMS 0x0000000085a00000, 0x0000000085900000| Untracked 
|  90|0x0000000085a00000, 0x0000000085b00000, 0x0000000085b00000|100%| O|  |TAMS 0x0000000085b00000, 0x0000000085a00000| Untracked 
|  91|0x0000000085b00000, 0x0000000085c00000, 0x0000000085c00000|100%| O|  |TAMS 0x0000000085c00000, 0x0000000085b00000| Untracked 
|  92|0x0000000085c00000, 0x0000000085d00000, 0x0000000085d00000|100%| O|  |TAMS 0x0000000085d00000, 0x0000000085c00000| Untracked 
|  93|0x0000000085d00000, 0x0000000085e00000, 0x0000000085e00000|100%| O|  |TAMS 0x0000000085e00000, 0x0000000085d00000| Untracked 
|  94|0x0000000085e00000, 0x0000000085f00000, 0x0000000085f00000|100%| O|  |TAMS 0x0000000085f00000, 0x0000000085e00000| Untracked 
|  95|0x0000000085f00000, 0x0000000085f00000, 0x0000000086000000|  0%| F|  |TAMS 0x0000000085f00000, 0x0000000085f00000| Untracked 
|  96|0x0000000086000000, 0x0000000086000000, 0x0000000086100000|  0%| F|  |TAMS 0x0000000086000000, 0x0000000086000000| Untracked 
|  97|0x0000000086100000, 0x0000000086200000, 0x0000000086200000|100%| O|  |TAMS 0x0000000086200000, 0x0000000086100000| Untracked 
|  98|0x0000000086200000, 0x0000000086300000, 0x0000000086300000|100%| O|  |TAMS 0x0000000086300000, 0x0000000086200000| Untracked 
|  99|0x0000000086300000, 0x0000000086400000, 0x0000000086400000|100%| O|  |TAMS 0x0000000086400000, 0x0000000086300000| Untracked 
| 100|0x0000000086400000, 0x0000000086500000, 0x0000000086500000|100%| O|  |TAMS 0x0000000086500000, 0x0000000086400000| Untracked 
| 101|0x0000000086500000, 0x0000000086600000, 0x0000000086600000|100%| O|  |TAMS 0x0000000086600000, 0x0000000086500000| Untracked 
| 102|0x0000000086600000, 0x0000000086700000, 0x0000000086700000|100%| O|  |TAMS 0x0000000086700000, 0x0000000086600000| Untracked 
| 103|0x0000000086700000, 0x0000000086800000, 0x0000000086800000|100%| O|  |TAMS 0x0000000086800000, 0x0000000086700000| Untracked 
| 104|0x0000000086800000, 0x0000000086900000, 0x0000000086900000|100%| O|  |TAMS 0x0000000086900000, 0x0000000086800000| Untracked 
| 105|0x0000000086900000, 0x0000000086a00000, 0x0000000086a00000|100%| O|  |TAMS 0x0000000086a00000, 0x0000000086900000| Untracked 
| 106|0x0000000086a00000, 0x0000000086b00000, 0x0000000086b00000|100%| O|  |TAMS 0x0000000086b00000, 0x0000000086a00000| Untracked 
| 107|0x0000000086b00000, 0x0000000086c00000, 0x0000000086c00000|100%| O|  |TAMS 0x0000000086c00000, 0x0000000086b00000| Untracked 
| 108|0x0000000086c00000, 0x0000000086d00000, 0x0000000086d00000|100%| O|  |TAMS 0x0000000086c00000, 0x0000000086c00000| Untracked 
| 109|0x0000000086d00000, 0x0000000086e00000, 0x0000000086e00000|100%| O|  |TAMS 0x0000000086d00000, 0x0000000086d00000| Untracked 
| 110|0x0000000086e00000, 0x0000000086f00000, 0x0000000086f00000|100%| O|  |TAMS 0x0000000086e00000, 0x0000000086e00000| Untracked 
| 111|0x0000000086f00000, 0x0000000087000000, 0x0000000087000000|100%| O|  |TAMS 0x0000000086f00000, 0x0000000086f00000| Untracked 
| 112|0x0000000087000000, 0x0000000087100000, 0x0000000087100000|100%| O|  |TAMS 0x0000000087000000, 0x0000000087000000| Untracked 
| 113|0x0000000087100000, 0x0000000087200000, 0x0000000087200000|100%| O|  |TAMS 0x0000000087100000, 0x0000000087100000| Untracked 
| 114|0x0000000087200000, 0x0000000087300000, 0x0000000087300000|100%| O|  |TAMS 0x0000000087200000, 0x0000000087200000| Untracked 
| 115|0x0000000087300000, 0x0000000087400000, 0x0000000087400000|100%| O|  |TAMS 0x0000000087300000, 0x0000000087300000| Untracked 
| 116|0x0000000087400000, 0x0000000087500000, 0x0000000087500000|100%| O|  |TAMS 0x0000000087400000, 0x0000000087400000| Untracked 
| 117|0x0000000087500000, 0x0000000087600000, 0x0000000087600000|100%| O|  |TAMS 0x0000000087500000, 0x0000000087500000| Untracked 
| 118|0x0000000087600000, 0x0000000087700000, 0x0000000087700000|100%| O|  |TAMS 0x0000000087600000, 0x0000000087600000| Untracked 
| 119|0x0000000087700000, 0x0000000087800000, 0x0000000087800000|100%| O|  |TAMS 0x0000000087700000, 0x0000000087700000| Untracked 
| 120|0x0000000087800000, 0x0000000087900000, 0x0000000087900000|100%| O|  |TAMS 0x0000000087800000, 0x0000000087800000| Untracked 
| 121|0x0000000087900000, 0x0000000087a00000, 0x0000000087a00000|100%| O|  |TAMS 0x0000000087900000, 0x0000000087900000| Untracked 
| 122|0x0000000087a00000, 0x0000000087b00000, 0x0000000087b00000|100%| O|  |TAMS 0x0000000087a00000, 0x0000000087a00000| Untracked 
| 123|0x0000000087b00000, 0x0000000087c00000, 0x0000000087c00000|100%| O|  |TAMS 0x0000000087b00000, 0x0000000087b00000| Untracked 
| 124|0x0000000087c00000, 0x0000000087d00000, 0x0000000087d00000|100%| O|  |TAMS 0x0000000087c00000, 0x0000000087c00000| Untracked 
| 125|0x0000000087d00000, 0x0000000087e00000, 0x0000000087e00000|100%| O|  |TAMS 0x0000000087d00000, 0x0000000087d00000| Untracked 
| 126|0x0000000087e00000, 0x0000000087f00000, 0x0000000087f00000|100%| O|  |TAMS 0x0000000087e00000, 0x0000000087e00000| Untracked 
| 127|0x0000000087f00000, 0x0000000088000000, 0x0000000088000000|100%| O|  |TAMS 0x0000000087f00000, 0x0000000087f00000| Untracked 
| 128|0x0000000088000000, 0x0000000088100000, 0x0000000088100000|100%| O|  |TAMS 0x0000000088000000, 0x0000000088000000| Untracked 
| 129|0x0000000088100000, 0x0000000088200000, 0x0000000088200000|100%| O|  |TAMS 0x0000000088100000, 0x0000000088100000| Untracked 
| 130|0x0000000088200000, 0x0000000088300000, 0x0000000088300000|100%| O|  |TAMS 0x0000000088200000, 0x0000000088200000| Untracked 
| 131|0x0000000088300000, 0x0000000088400000, 0x0000000088400000|100%| O|  |TAMS 0x0000000088300000, 0x0000000088300000| Untracked 
| 132|0x0000000088400000, 0x0000000088500000, 0x0000000088500000|100%| O|  |TAMS 0x0000000088400000, 0x0000000088400000| Untracked 
| 133|0x0000000088500000, 0x0000000088600000, 0x0000000088600000|100%| O|  |TAMS 0x0000000088500000, 0x0000000088500000| Untracked 
| 134|0x0000000088600000, 0x0000000088700000, 0x0000000088700000|100%| O|  |TAMS 0x0000000088600000, 0x0000000088600000| Untracked 
| 135|0x0000000088700000, 0x0000000088800000, 0x0000000088800000|100%| O|  |TAMS 0x0000000088700000, 0x0000000088700000| Untracked 
| 136|0x0000000088800000, 0x0000000088900000, 0x0000000088900000|100%| O|  |TAMS 0x0000000088800000, 0x0000000088800000| Untracked 
| 137|0x0000000088900000, 0x0000000088a00000, 0x0000000088a00000|100%| O|  |TAMS 0x0000000088900000, 0x0000000088900000| Untracked 
| 138|0x0000000088a00000, 0x0000000088b00000, 0x0000000088b00000|100%| O|  |TAMS 0x0000000088a00000, 0x0000000088a00000| Untracked 
| 139|0x0000000088b00000, 0x0000000088c00000, 0x0000000088c00000|100%| O|  |TAMS 0x0000000088b00000, 0x0000000088b00000| Untracked 
| 140|0x0000000088c00000, 0x0000000088d00000, 0x0000000088d00000|100%| O|  |TAMS 0x0000000088c00000, 0x0000000088c00000| Untracked 
| 141|0x0000000088d00000, 0x0000000088e00000, 0x0000000088e00000|100%| O|  |TAMS 0x0000000088d00000, 0x0000000088d00000| Untracked 
| 142|0x0000000088e00000, 0x0000000088f00000, 0x0000000088f00000|100%| O|  |TAMS 0x0000000088e00000, 0x0000000088e00000| Untracked 
| 143|0x0000000088f00000, 0x0000000089000000, 0x0000000089000000|100%| O|  |TAMS 0x0000000088f00000, 0x0000000088f00000| Untracked 
| 144|0x0000000089000000, 0x0000000089080000, 0x0000000089100000| 50%| O|  |TAMS 0x0000000089000000, 0x0000000089000000| Untracked 
| 145|0x0000000089100000, 0x0000000089100000, 0x0000000089200000|  0%| F|  |TAMS 0x0000000089100000, 0x0000000089100000| Untracked 
| 146|0x0000000089200000, 0x0000000089200000, 0x0000000089300000|  0%| F|  |TAMS 0x0000000089200000, 0x0000000089200000| Untracked 
| 147|0x0000000089300000, 0x0000000089300000, 0x0000000089400000|  0%| F|  |TAMS 0x0000000089300000, 0x0000000089300000| Untracked 
| 148|0x0000000089400000, 0x0000000089400000, 0x0000000089500000|  0%| F|  |TAMS 0x0000000089400000, 0x0000000089400000| Untracked 
| 149|0x0000000089500000, 0x0000000089500000, 0x0000000089600000|  0%| F|  |TAMS 0x0000000089500000, 0x0000000089500000| Untracked 
| 150|0x0000000089600000, 0x0000000089600000, 0x0000000089700000|  0%| F|  |TAMS 0x0000000089600000, 0x0000000089600000| Untracked 
| 151|0x0000000089700000, 0x0000000089700000, 0x0000000089800000|  0%| F|  |TAMS 0x0000000089700000, 0x0000000089700000| Untracked 
| 152|0x0000000089800000, 0x0000000089800000, 0x0000000089900000|  0%| F|  |TAMS 0x0000000089800000, 0x0000000089800000| Untracked 
| 153|0x0000000089900000, 0x0000000089900000, 0x0000000089a00000|  0%| F|  |TAMS 0x0000000089900000, 0x0000000089900000| Untracked 
| 154|0x0000000089a00000, 0x0000000089a00000, 0x0000000089b00000|  0%| F|  |TAMS 0x0000000089a00000, 0x0000000089a00000| Untracked 
| 155|0x0000000089b00000, 0x0000000089b00000, 0x0000000089c00000|  0%| F|  |TAMS 0x0000000089b00000, 0x0000000089b00000| Untracked 
| 156|0x0000000089c00000, 0x0000000089c00000, 0x0000000089d00000|  0%| F|  |TAMS 0x0000000089c00000, 0x0000000089c00000| Untracked 
| 157|0x0000000089d00000, 0x0000000089d00000, 0x0000000089e00000|  0%| F|  |TAMS 0x0000000089d00000, 0x0000000089d00000| Untracked 
| 158|0x0000000089e00000, 0x0000000089e00000, 0x0000000089f00000|  0%| F|  |TAMS 0x0000000089e00000, 0x0000000089e00000| Untracked 
| 159|0x0000000089f00000, 0x0000000089f00000, 0x000000008a000000|  0%| F|  |TAMS 0x0000000089f00000, 0x0000000089f00000| Untracked 
| 160|0x000000008a000000, 0x000000008a000000, 0x000000008a100000|  0%| F|  |TAMS 0x000000008a000000, 0x000000008a000000| Untracked 
| 161|0x000000008a100000, 0x000000008a100000, 0x000000008a200000|  0%| F|  |TAMS 0x000000008a100000, 0x000000008a100000| Untracked 
| 162|0x000000008a200000, 0x000000008a200000, 0x000000008a300000|  0%| F|  |TAMS 0x000000008a200000, 0x000000008a200000| Untracked 
| 163|0x000000008a300000, 0x000000008a300000, 0x000000008a400000|  0%| F|  |TAMS 0x000000008a300000, 0x000000008a300000| Untracked 
| 164|0x000000008a400000, 0x000000008a400000, 0x000000008a500000|  0%| F|  |TAMS 0x000000008a400000, 0x000000008a400000| Untracked 
| 165|0x000000008a500000, 0x000000008a500000, 0x000000008a600000|  0%| F|  |TAMS 0x000000008a500000, 0x000000008a500000| Untracked 
| 166|0x000000008a600000, 0x000000008a600000, 0x000000008a700000|  0%| F|  |TAMS 0x000000008a600000, 0x000000008a600000| Untracked 
| 167|0x000000008a700000, 0x000000008a700000, 0x000000008a800000|  0%| F|  |TAMS 0x000000008a700000, 0x000000008a700000| Untracked 
| 168|0x000000008a800000, 0x000000008a800000, 0x000000008a900000|  0%| F|  |TAMS 0x000000008a800000, 0x000000008a800000| Untracked 
| 169|0x000000008a900000, 0x000000008a900000, 0x000000008aa00000|  0%| F|  |TAMS 0x000000008a900000, 0x000000008a900000| Untracked 
| 170|0x000000008aa00000, 0x000000008aa00000, 0x000000008ab00000|  0%| F|  |TAMS 0x000000008aa00000, 0x000000008aa00000| Untracked 
| 171|0x000000008ab00000, 0x000000008ab00000, 0x000000008ac00000|  0%| F|  |TAMS 0x000000008ab00000, 0x000000008ab00000| Untracked 
| 172|0x000000008ac00000, 0x000000008ac00000, 0x000000008ad00000|  0%| F|  |TAMS 0x000000008ac00000, 0x000000008ac00000| Untracked 
| 173|0x000000008ad00000, 0x000000008ad00000, 0x000000008ae00000|  0%| F|  |TAMS 0x000000008ad00000, 0x000000008ad00000| Untracked 
| 174|0x000000008ae00000, 0x000000008ae00000, 0x000000008af00000|  0%| F|  |TAMS 0x000000008ae00000, 0x000000008ae00000| Untracked 
| 175|0x000000008af00000, 0x000000008af00000, 0x000000008b000000|  0%| F|  |TAMS 0x000000008af00000, 0x000000008af00000| Untracked 
| 176|0x000000008b000000, 0x000000008b000000, 0x000000008b100000|  0%| F|  |TAMS 0x000000008b000000, 0x000000008b000000| Untracked 
| 177|0x000000008b100000, 0x000000008b100000, 0x000000008b200000|  0%| F|  |TAMS 0x000000008b100000, 0x000000008b100000| Untracked 
| 178|0x000000008b200000, 0x000000008b200000, 0x000000008b300000|  0%| F|  |TAMS 0x000000008b200000, 0x000000008b200000| Untracked 
| 179|0x000000008b300000, 0x000000008b300000, 0x000000008b400000|  0%| F|  |TAMS 0x000000008b300000, 0x000000008b300000| Untracked 
| 180|0x000000008b400000, 0x000000008b400000, 0x000000008b500000|  0%| F|  |TAMS 0x000000008b400000, 0x000000008b400000| Untracked 
| 181|0x000000008b500000, 0x000000008b500000, 0x000000008b600000|  0%| F|  |TAMS 0x000000008b500000, 0x000000008b500000| Untracked 
| 182|0x000000008b600000, 0x000000008b600000, 0x000000008b700000|  0%| F|  |TAMS 0x000000008b600000, 0x000000008b600000| Untracked 
| 183|0x000000008b700000, 0x000000008b700000, 0x000000008b800000|  0%| F|  |TAMS 0x000000008b700000, 0x000000008b700000| Untracked 
| 184|0x000000008b800000, 0x000000008b800000, 0x000000008b900000|  0%| F|  |TAMS 0x000000008b800000, 0x000000008b800000| Untracked 
| 185|0x000000008b900000, 0x000000008b900000, 0x000000008ba00000|  0%| F|  |TAMS 0x000000008b900000, 0x000000008b900000| Untracked 
| 186|0x000000008ba00000, 0x000000008ba00000, 0x000000008bb00000|  0%| F|  |TAMS 0x000000008ba00000, 0x000000008ba00000| Untracked 
| 187|0x000000008bb00000, 0x000000008bb00000, 0x000000008bc00000|  0%| F|  |TAMS 0x000000008bb00000, 0x000000008bb00000| Untracked 
| 188|0x000000008bc00000, 0x000000008bc00000, 0x000000008bd00000|  0%| F|  |TAMS 0x000000008bc00000, 0x000000008bc00000| Untracked 
| 189|0x000000008bd00000, 0x000000008bd00000, 0x000000008be00000|  0%| F|  |TAMS 0x000000008bd00000, 0x000000008bd00000| Untracked 
| 190|0x000000008be00000, 0x000000008be00000, 0x000000008bf00000|  0%| F|  |TAMS 0x000000008be00000, 0x000000008be00000| Untracked 
| 191|0x000000008bf00000, 0x000000008bf00000, 0x000000008c000000|  0%| F|  |TAMS 0x000000008bf00000, 0x000000008bf00000| Untracked 
| 192|0x000000008c000000, 0x000000008c000000, 0x000000008c100000|  0%| F|  |TAMS 0x000000008c000000, 0x000000008c000000| Untracked 
| 193|0x000000008c100000, 0x000000008c100000, 0x000000008c200000|  0%| F|  |TAMS 0x000000008c100000, 0x000000008c100000| Untracked 
| 194|0x000000008c200000, 0x000000008c200000, 0x000000008c300000|  0%| F|  |TAMS 0x000000008c200000, 0x000000008c200000| Untracked 
| 195|0x000000008c300000, 0x000000008c300000, 0x000000008c400000|  0%| F|  |TAMS 0x000000008c300000, 0x000000008c300000| Untracked 
| 196|0x000000008c400000, 0x000000008c400000, 0x000000008c500000|  0%| F|  |TAMS 0x000000008c400000, 0x000000008c400000| Untracked 
| 197|0x000000008c500000, 0x000000008c500000, 0x000000008c600000|  0%| F|  |TAMS 0x000000008c500000, 0x000000008c500000| Untracked 
| 198|0x000000008c600000, 0x000000008c600000, 0x000000008c700000|  0%| F|  |TAMS 0x000000008c600000, 0x000000008c600000| Untracked 
| 199|0x000000008c700000, 0x000000008c700000, 0x000000008c800000|  0%| F|  |TAMS 0x000000008c700000, 0x000000008c700000| Untracked 
| 200|0x000000008c800000, 0x000000008c800000, 0x000000008c900000|  0%| F|  |TAMS 0x000000008c800000, 0x000000008c800000| Untracked 
| 201|0x000000008c900000, 0x000000008c900000, 0x000000008ca00000|  0%| F|  |TAMS 0x000000008c900000, 0x000000008c900000| Untracked 
| 202|0x000000008ca00000, 0x000000008ca00000, 0x000000008cb00000|  0%| F|  |TAMS 0x000000008ca00000, 0x000000008ca00000| Untracked 
| 203|0x000000008cb00000, 0x000000008cb00000, 0x000000008cc00000|  0%| F|  |TAMS 0x000000008cb00000, 0x000000008cb00000| Untracked 
| 204|0x000000008cc00000, 0x000000008cc00000, 0x000000008cd00000|  0%| F|  |TAMS 0x000000008cc00000, 0x000000008cc00000| Untracked 
| 205|0x000000008cd00000, 0x000000008cd00000, 0x000000008ce00000|  0%| F|  |TAMS 0x000000008cd00000, 0x000000008cd00000| Untracked 
| 206|0x000000008ce00000, 0x000000008ce00000, 0x000000008cf00000|  0%| F|  |TAMS 0x000000008ce00000, 0x000000008ce00000| Untracked 
| 207|0x000000008cf00000, 0x000000008cf00000, 0x000000008d000000|  0%| F|  |TAMS 0x000000008cf00000, 0x000000008cf00000| Untracked 
| 208|0x000000008d000000, 0x000000008d000000, 0x000000008d100000|  0%| F|  |TAMS 0x000000008d000000, 0x000000008d000000| Untracked 
| 209|0x000000008d100000, 0x000000008d100000, 0x000000008d200000|  0%| F|  |TAMS 0x000000008d100000, 0x000000008d100000| Untracked 
| 210|0x000000008d200000, 0x000000008d200000, 0x000000008d300000|  0%| F|  |TAMS 0x000000008d200000, 0x000000008d200000| Untracked 
| 211|0x000000008d300000, 0x000000008d300000, 0x000000008d400000|  0%| F|  |TAMS 0x000000008d300000, 0x000000008d300000| Untracked 
| 212|0x000000008d400000, 0x000000008d400000, 0x000000008d500000|  0%| F|  |TAMS 0x000000008d400000, 0x000000008d400000| Untracked 
| 213|0x000000008d500000, 0x000000008d500000, 0x000000008d600000|  0%| F|  |TAMS 0x000000008d500000, 0x000000008d500000| Untracked 
| 214|0x000000008d600000, 0x000000008d600000, 0x000000008d700000|  0%| F|  |TAMS 0x000000008d600000, 0x000000008d600000| Untracked 
| 215|0x000000008d700000, 0x000000008d700000, 0x000000008d800000|  0%| F|  |TAMS 0x000000008d700000, 0x000000008d700000| Untracked 
| 216|0x000000008d800000, 0x000000008d800000, 0x000000008d900000|  0%| F|  |TAMS 0x000000008d800000, 0x000000008d800000| Untracked 
| 217|0x000000008d900000, 0x000000008d900000, 0x000000008da00000|  0%| F|  |TAMS 0x000000008d900000, 0x000000008d900000| Untracked 
| 218|0x000000008da00000, 0x000000008da00000, 0x000000008db00000|  0%| F|  |TAMS 0x000000008da00000, 0x000000008da00000| Untracked 
| 219|0x000000008db00000, 0x000000008db00000, 0x000000008dc00000|  0%| F|  |TAMS 0x000000008db00000, 0x000000008db00000| Untracked 
| 220|0x000000008dc00000, 0x000000008dc00000, 0x000000008dd00000|  0%| F|  |TAMS 0x000000008dc00000, 0x000000008dc00000| Untracked 
| 221|0x000000008dd00000, 0x000000008dd00000, 0x000000008de00000|  0%| F|  |TAMS 0x000000008dd00000, 0x000000008dd00000| Untracked 
| 222|0x000000008de00000, 0x000000008de00000, 0x000000008df00000|  0%| F|  |TAMS 0x000000008de00000, 0x000000008de00000| Untracked 
| 223|0x000000008df00000, 0x000000008df00000, 0x000000008e000000|  0%| F|  |TAMS 0x000000008df00000, 0x000000008df00000| Untracked 
| 224|0x000000008e000000, 0x000000008e000000, 0x000000008e100000|  0%| F|  |TAMS 0x000000008e000000, 0x000000008e000000| Untracked 
| 225|0x000000008e100000, 0x000000008e100000, 0x000000008e200000|  0%| F|  |TAMS 0x000000008e100000, 0x000000008e100000| Untracked 
| 226|0x000000008e200000, 0x000000008e200000, 0x000000008e300000|  0%| F|  |TAMS 0x000000008e200000, 0x000000008e200000| Untracked 
| 227|0x000000008e300000, 0x000000008e300000, 0x000000008e400000|  0%| F|  |TAMS 0x000000008e300000, 0x000000008e300000| Untracked 
| 228|0x000000008e400000, 0x000000008e400000, 0x000000008e500000|  0%| F|  |TAMS 0x000000008e400000, 0x000000008e400000| Untracked 
| 229|0x000000008e500000, 0x000000008e500000, 0x000000008e600000|  0%| F|  |TAMS 0x000000008e500000, 0x000000008e500000| Untracked 
| 230|0x000000008e600000, 0x000000008e600000, 0x000000008e700000|  0%| F|  |TAMS 0x000000008e600000, 0x000000008e600000| Untracked 
| 231|0x000000008e700000, 0x000000008e700000, 0x000000008e800000|  0%| F|  |TAMS 0x000000008e700000, 0x000000008e700000| Untracked 
| 232|0x000000008e800000, 0x000000008e800000, 0x000000008e900000|  0%| F|  |TAMS 0x000000008e800000, 0x000000008e800000| Untracked 
| 233|0x000000008e900000, 0x000000008e900000, 0x000000008ea00000|  0%| F|  |TAMS 0x000000008e900000, 0x000000008e900000| Untracked 
| 234|0x000000008ea00000, 0x000000008ea00000, 0x000000008eb00000|  0%| F|  |TAMS 0x000000008ea00000, 0x000000008ea00000| Untracked 
| 235|0x000000008eb00000, 0x000000008eb00000, 0x000000008ec00000|  0%| F|  |TAMS 0x000000008eb00000, 0x000000008eb00000| Untracked 
| 236|0x000000008ec00000, 0x000000008ec00000, 0x000000008ed00000|  0%| F|  |TAMS 0x000000008ec00000, 0x000000008ec00000| Untracked 
| 237|0x000000008ed00000, 0x000000008ed00000, 0x000000008ee00000|  0%| F|  |TAMS 0x000000008ed00000, 0x000000008ed00000| Untracked 
| 238|0x000000008ee00000, 0x000000008ee00000, 0x000000008ef00000|  0%| F|  |TAMS 0x000000008ee00000, 0x000000008ee00000| Untracked 
| 239|0x000000008ef00000, 0x000000008ef00000, 0x000000008f000000|  0%| F|  |TAMS 0x000000008ef00000, 0x000000008ef00000| Untracked 
| 240|0x000000008f000000, 0x000000008f000000, 0x000000008f100000|  0%| F|  |TAMS 0x000000008f000000, 0x000000008f000000| Untracked 
| 241|0x000000008f100000, 0x000000008f100000, 0x000000008f200000|  0%| F|  |TAMS 0x000000008f100000, 0x000000008f100000| Untracked 
| 242|0x000000008f200000, 0x000000008f200000, 0x000000008f300000|  0%| F|  |TAMS 0x000000008f200000, 0x000000008f200000| Untracked 
| 243|0x000000008f300000, 0x000000008f300000, 0x000000008f400000|  0%| F|  |TAMS 0x000000008f300000, 0x000000008f300000| Untracked 
| 244|0x000000008f400000, 0x000000008f400000, 0x000000008f500000|  0%| F|  |TAMS 0x000000008f400000, 0x000000008f400000| Untracked 
| 245|0x000000008f500000, 0x000000008f500000, 0x000000008f600000|  0%| F|  |TAMS 0x000000008f500000, 0x000000008f500000| Untracked 
| 246|0x000000008f600000, 0x000000008f600000, 0x000000008f700000|  0%| F|  |TAMS 0x000000008f600000, 0x000000008f600000| Untracked 
| 247|0x000000008f700000, 0x000000008f700000, 0x000000008f800000|  0%| F|  |TAMS 0x000000008f700000, 0x000000008f700000| Untracked 
| 248|0x000000008f800000, 0x000000008f800000, 0x000000008f900000|  0%| F|  |TAMS 0x000000008f800000, 0x000000008f800000| Untracked 
| 249|0x000000008f900000, 0x000000008f900000, 0x000000008fa00000|  0%| F|  |TAMS 0x000000008f900000, 0x000000008f900000| Untracked 
| 250|0x000000008fa00000, 0x000000008fa00000, 0x000000008fb00000|  0%| F|  |TAMS 0x000000008fa00000, 0x000000008fa00000| Untracked 
| 251|0x000000008fb00000, 0x000000008fb00000, 0x000000008fc00000|  0%| F|  |TAMS 0x000000008fb00000, 0x000000008fb00000| Untracked 
| 252|0x000000008fc00000, 0x000000008fc00000, 0x000000008fd00000|  0%| F|  |TAMS 0x000000008fc00000, 0x000000008fc00000| Untracked 
| 253|0x000000008fd00000, 0x000000008fd00000, 0x000000008fe00000|  0%| F|  |TAMS 0x000000008fd00000, 0x000000008fd00000| Untracked 
| 254|0x000000008fe00000, 0x000000008fe00000, 0x000000008ff00000|  0%| F|  |TAMS 0x000000008fe00000, 0x000000008fe00000| Untracked 
| 255|0x000000008ff00000, 0x000000008ff00000, 0x0000000090000000|  0%| F|  |TAMS 0x000000008ff00000, 0x000000008ff00000| Untracked 
| 256|0x0000000090000000, 0x0000000090000000, 0x0000000090100000|  0%| F|  |TAMS 0x0000000090000000, 0x0000000090000000| Untracked 
| 257|0x0000000090100000, 0x0000000090100000, 0x0000000090200000|  0%| F|  |TAMS 0x0000000090100000, 0x0000000090100000| Untracked 
| 258|0x0000000090200000, 0x0000000090200000, 0x0000000090300000|  0%| F|  |TAMS 0x0000000090200000, 0x0000000090200000| Untracked 
| 259|0x0000000090300000, 0x0000000090300000, 0x0000000090400000|  0%| F|  |TAMS 0x0000000090300000, 0x0000000090300000| Untracked 
| 260|0x0000000090400000, 0x0000000090400000, 0x0000000090500000|  0%| F|  |TAMS 0x0000000090400000, 0x0000000090400000| Untracked 
| 261|0x0000000090500000, 0x0000000090500000, 0x0000000090600000|  0%| F|  |TAMS 0x0000000090500000, 0x0000000090500000| Untracked 
| 262|0x0000000090600000, 0x0000000090600000, 0x0000000090700000|  0%| F|  |TAMS 0x0000000090600000, 0x0000000090600000| Untracked 
| 263|0x0000000090700000, 0x0000000090700000, 0x0000000090800000|  0%| F|  |TAMS 0x0000000090700000, 0x0000000090700000| Untracked 
| 264|0x0000000090800000, 0x0000000090800000, 0x0000000090900000|  0%| F|  |TAMS 0x0000000090800000, 0x0000000090800000| Untracked 
| 265|0x0000000090900000, 0x0000000090900000, 0x0000000090a00000|  0%| F|  |TAMS 0x0000000090900000, 0x0000000090900000| Untracked 
| 266|0x0000000090a00000, 0x0000000090a00000, 0x0000000090b00000|  0%| F|  |TAMS 0x0000000090a00000, 0x0000000090a00000| Untracked 
| 267|0x0000000090b00000, 0x0000000090b00000, 0x0000000090c00000|  0%| F|  |TAMS 0x0000000090b00000, 0x0000000090b00000| Untracked 
| 268|0x0000000090c00000, 0x0000000090c00000, 0x0000000090d00000|  0%| F|  |TAMS 0x0000000090c00000, 0x0000000090c00000| Untracked 
| 269|0x0000000090d00000, 0x0000000090d00000, 0x0000000090e00000|  0%| F|  |TAMS 0x0000000090d00000, 0x0000000090d00000| Untracked 
| 270|0x0000000090e00000, 0x0000000090e00000, 0x0000000090f00000|  0%| F|  |TAMS 0x0000000090e00000, 0x0000000090e00000| Untracked 
| 271|0x0000000090f00000, 0x0000000090f00000, 0x0000000091000000|  0%| F|  |TAMS 0x0000000090f00000, 0x0000000090f00000| Untracked 
| 272|0x0000000091000000, 0x0000000091000000, 0x0000000091100000|  0%| F|  |TAMS 0x0000000091000000, 0x0000000091000000| Untracked 
| 273|0x0000000091100000, 0x0000000091100000, 0x0000000091200000|  0%| F|  |TAMS 0x0000000091100000, 0x0000000091100000| Untracked 
| 274|0x0000000091200000, 0x0000000091200000, 0x0000000091300000|  0%| F|  |TAMS 0x0000000091200000, 0x0000000091200000| Untracked 
| 275|0x0000000091300000, 0x0000000091300000, 0x0000000091400000|  0%| F|  |TAMS 0x0000000091300000, 0x0000000091300000| Untracked 
| 276|0x0000000091400000, 0x0000000091400000, 0x0000000091500000|  0%| F|  |TAMS 0x0000000091400000, 0x0000000091400000| Untracked 
| 277|0x0000000091500000, 0x0000000091500000, 0x0000000091600000|  0%| F|  |TAMS 0x0000000091500000, 0x0000000091500000| Untracked 
| 278|0x0000000091600000, 0x0000000091600000, 0x0000000091700000|  0%| F|  |TAMS 0x0000000091600000, 0x0000000091600000| Untracked 
| 279|0x0000000091700000, 0x0000000091700000, 0x0000000091800000|  0%| F|  |TAMS 0x0000000091700000, 0x0000000091700000| Untracked 
| 280|0x0000000091800000, 0x0000000091800000, 0x0000000091900000|  0%| F|  |TAMS 0x0000000091800000, 0x0000000091800000| Untracked 
| 281|0x0000000091900000, 0x0000000091900000, 0x0000000091a00000|  0%| F|  |TAMS 0x0000000091900000, 0x0000000091900000| Untracked 
| 282|0x0000000091a00000, 0x0000000091a00000, 0x0000000091b00000|  0%| F|  |TAMS 0x0000000091a00000, 0x0000000091a00000| Untracked 
| 283|0x0000000091b00000, 0x0000000091b00000, 0x0000000091c00000|  0%| F|  |TAMS 0x0000000091b00000, 0x0000000091b00000| Untracked 
| 284|0x0000000091c00000, 0x0000000091c00000, 0x0000000091d00000|  0%| F|  |TAMS 0x0000000091c00000, 0x0000000091c00000| Untracked 
| 285|0x0000000091d00000, 0x0000000091d00000, 0x0000000091e00000|  0%| F|  |TAMS 0x0000000091d00000, 0x0000000091d00000| Untracked 
| 286|0x0000000091e00000, 0x0000000091e00000, 0x0000000091f00000|  0%| F|  |TAMS 0x0000000091e00000, 0x0000000091e00000| Untracked 
| 287|0x0000000091f00000, 0x0000000091f00000, 0x0000000092000000|  0%| F|  |TAMS 0x0000000091f00000, 0x0000000091f00000| Untracked 
| 288|0x0000000092000000, 0x0000000092000000, 0x0000000092100000|  0%| F|  |TAMS 0x0000000092000000, 0x0000000092000000| Untracked 
| 289|0x0000000092100000, 0x0000000092100000, 0x0000000092200000|  0%| F|  |TAMS 0x0000000092100000, 0x0000000092100000| Untracked 
| 290|0x0000000092200000, 0x0000000092200000, 0x0000000092300000|  0%| F|  |TAMS 0x0000000092200000, 0x0000000092200000| Untracked 
| 291|0x0000000092300000, 0x0000000092300000, 0x0000000092400000|  0%| F|  |TAMS 0x0000000092300000, 0x0000000092300000| Untracked 
| 292|0x0000000092400000, 0x0000000092400000, 0x0000000092500000|  0%| F|  |TAMS 0x0000000092400000, 0x0000000092400000| Untracked 
| 293|0x0000000092500000, 0x0000000092500000, 0x0000000092600000|  0%| F|  |TAMS 0x0000000092500000, 0x0000000092500000| Untracked 
| 294|0x0000000092600000, 0x0000000092600000, 0x0000000092700000|  0%| F|  |TAMS 0x0000000092600000, 0x0000000092600000| Untracked 
| 295|0x0000000092700000, 0x0000000092700000, 0x0000000092800000|  0%| F|  |TAMS 0x0000000092700000, 0x0000000092700000| Untracked 
| 296|0x0000000092800000, 0x0000000092800000, 0x0000000092900000|  0%| F|  |TAMS 0x0000000092800000, 0x0000000092800000| Untracked 
| 297|0x0000000092900000, 0x0000000092900000, 0x0000000092a00000|  0%| F|  |TAMS 0x0000000092900000, 0x0000000092900000| Untracked 
| 298|0x0000000092a00000, 0x0000000092a00000, 0x0000000092b00000|  0%| F|  |TAMS 0x0000000092a00000, 0x0000000092a00000| Untracked 
| 299|0x0000000092b00000, 0x0000000092b00000, 0x0000000092c00000|  0%| F|  |TAMS 0x0000000092b00000, 0x0000000092b00000| Untracked 
| 300|0x0000000092c00000, 0x0000000092c00000, 0x0000000092d00000|  0%| F|  |TAMS 0x0000000092c00000, 0x0000000092c00000| Untracked 
| 301|0x0000000092d00000, 0x0000000092d00000, 0x0000000092e00000|  0%| F|  |TAMS 0x0000000092d00000, 0x0000000092d00000| Untracked 
| 302|0x0000000092e00000, 0x0000000092e00000, 0x0000000092f00000|  0%| F|  |TAMS 0x0000000092e00000, 0x0000000092e00000| Untracked 
| 303|0x0000000092f00000, 0x0000000092f00000, 0x0000000093000000|  0%| F|  |TAMS 0x0000000092f00000, 0x0000000092f00000| Untracked 
| 304|0x0000000093000000, 0x0000000093084538, 0x0000000093100000| 51%| E|  |TAMS 0x0000000093000000, 0x0000000093000000| Complete 
| 305|0x0000000093100000, 0x0000000093200000, 0x0000000093200000|100%| E|CS|TAMS 0x0000000093100000, 0x0000000093100000| Complete 
| 306|0x0000000093200000, 0x0000000093300000, 0x0000000093300000|100%| E|CS|TAMS 0x0000000093200000, 0x0000000093200000| Complete 
| 307|0x0000000093300000, 0x0000000093400000, 0x0000000093400000|100%| E|CS|TAMS 0x0000000093300000, 0x0000000093300000| Complete 
| 308|0x0000000093400000, 0x0000000093500000, 0x0000000093500000|100%| E|CS|TAMS 0x0000000093400000, 0x0000000093400000| Complete 
| 309|0x0000000093500000, 0x0000000093600000, 0x0000000093600000|100%| E|CS|TAMS 0x0000000093500000, 0x0000000093500000| Complete 
| 310|0x0000000093600000, 0x0000000093700000, 0x0000000093700000|100%| E|CS|TAMS 0x0000000093600000, 0x0000000093600000| Complete 
| 311|0x0000000093700000, 0x0000000093800000, 0x0000000093800000|100%| E|CS|TAMS 0x0000000093700000, 0x0000000093700000| Complete 
| 312|0x0000000093800000, 0x0000000093900000, 0x0000000093900000|100%| E|CS|TAMS 0x0000000093800000, 0x0000000093800000| Complete 
| 313|0x0000000093900000, 0x0000000093a00000, 0x0000000093a00000|100%| E|CS|TAMS 0x0000000093900000, 0x0000000093900000| Complete 
| 314|0x0000000093a00000, 0x0000000093b00000, 0x0000000093b00000|100%| E|CS|TAMS 0x0000000093a00000, 0x0000000093a00000| Complete 
| 315|0x0000000093b00000, 0x0000000093c00000, 0x0000000093c00000|100%| E|CS|TAMS 0x0000000093b00000, 0x0000000093b00000| Complete 
| 316|0x0000000093c00000, 0x0000000093d00000, 0x0000000093d00000|100%| E|CS|TAMS 0x0000000093c00000, 0x0000000093c00000| Complete 
| 317|0x0000000093d00000, 0x0000000093e00000, 0x0000000093e00000|100%| E|CS|TAMS 0x0000000093d00000, 0x0000000093d00000| Complete 
| 318|0x0000000093e00000, 0x0000000093f00000, 0x0000000093f00000|100%| E|CS|TAMS 0x0000000093e00000, 0x0000000093e00000| Complete 
| 319|0x0000000093f00000, 0x0000000094000000, 0x0000000094000000|100%| E|CS|TAMS 0x0000000093f00000, 0x0000000093f00000| Complete 
| 320|0x0000000094000000, 0x0000000094100000, 0x0000000094100000|100%| E|CS|TAMS 0x0000000094000000, 0x0000000094000000| Complete 
| 321|0x0000000094100000, 0x0000000094200000, 0x0000000094200000|100%| E|CS|TAMS 0x0000000094100000, 0x0000000094100000| Complete 
| 322|0x0000000094200000, 0x0000000094300000, 0x0000000094300000|100%| E|CS|TAMS 0x0000000094200000, 0x0000000094200000| Complete 
| 323|0x0000000094300000, 0x0000000094400000, 0x0000000094400000|100%| E|CS|TAMS 0x0000000094300000, 0x0000000094300000| Complete 
| 324|0x0000000094400000, 0x0000000094500000, 0x0000000094500000|100%| E|CS|TAMS 0x0000000094400000, 0x0000000094400000| Complete 
| 325|0x0000000094500000, 0x0000000094600000, 0x0000000094600000|100%| E|CS|TAMS 0x0000000094500000, 0x0000000094500000| Complete 
| 326|0x0000000094600000, 0x0000000094700000, 0x0000000094700000|100%| E|CS|TAMS 0x0000000094600000, 0x0000000094600000| Complete 
| 327|0x0000000094700000, 0x0000000094800000, 0x0000000094800000|100%| E|CS|TAMS 0x0000000094700000, 0x0000000094700000| Complete 
| 328|0x0000000094800000, 0x0000000094900000, 0x0000000094900000|100%| E|CS|TAMS 0x0000000094800000, 0x0000000094800000| Complete 
| 329|0x0000000094900000, 0x0000000094a00000, 0x0000000094a00000|100%| E|CS|TAMS 0x0000000094900000, 0x0000000094900000| Complete 
| 330|0x0000000094a00000, 0x0000000094b00000, 0x0000000094b00000|100%| E|CS|TAMS 0x0000000094a00000, 0x0000000094a00000| Complete 
| 331|0x0000000094b00000, 0x0000000094c00000, 0x0000000094c00000|100%| E|CS|TAMS 0x0000000094b00000, 0x0000000094b00000| Complete 
| 332|0x0000000094c00000, 0x0000000094d00000, 0x0000000094d00000|100%| E|CS|TAMS 0x0000000094c00000, 0x0000000094c00000| Complete 
| 333|0x0000000094d00000, 0x0000000094e00000, 0x0000000094e00000|100%| E|CS|TAMS 0x0000000094d00000, 0x0000000094d00000| Complete 
| 334|0x0000000094e00000, 0x0000000094f00000, 0x0000000094f00000|100%| E|CS|TAMS 0x0000000094e00000, 0x0000000094e00000| Complete 
| 335|0x0000000094f00000, 0x0000000095000000, 0x0000000095000000|100%| E|CS|TAMS 0x0000000094f00000, 0x0000000094f00000| Complete 
| 336|0x0000000095000000, 0x0000000095100000, 0x0000000095100000|100%| E|CS|TAMS 0x0000000095000000, 0x0000000095000000| Complete 
| 337|0x0000000095100000, 0x0000000095200000, 0x0000000095200000|100%| E|CS|TAMS 0x0000000095100000, 0x0000000095100000| Complete 
| 338|0x0000000095200000, 0x0000000095300000, 0x0000000095300000|100%| E|CS|TAMS 0x0000000095200000, 0x0000000095200000| Complete 
| 339|0x0000000095300000, 0x0000000095400000, 0x0000000095400000|100%| E|CS|TAMS 0x0000000095300000, 0x0000000095300000| Complete 
| 340|0x0000000095400000, 0x0000000095500000, 0x0000000095500000|100%| E|CS|TAMS 0x0000000095400000, 0x0000000095400000| Complete 
| 341|0x0000000095500000, 0x0000000095600000, 0x0000000095600000|100%| E|CS|TAMS 0x0000000095500000, 0x0000000095500000| Complete 
| 342|0x0000000095600000, 0x0000000095700000, 0x0000000095700000|100%| E|CS|TAMS 0x0000000095600000, 0x0000000095600000| Complete 
| 343|0x0000000095700000, 0x0000000095800000, 0x0000000095800000|100%| E|CS|TAMS 0x0000000095700000, 0x0000000095700000| Complete 
| 344|0x0000000095800000, 0x0000000095900000, 0x0000000095900000|100%| E|CS|TAMS 0x0000000095800000, 0x0000000095800000| Complete 
| 345|0x0000000095900000, 0x0000000095a00000, 0x0000000095a00000|100%| E|CS|TAMS 0x0000000095900000, 0x0000000095900000| Complete 
| 346|0x0000000095a00000, 0x0000000095b00000, 0x0000000095b00000|100%| E|CS|TAMS 0x0000000095a00000, 0x0000000095a00000| Complete 
| 347|0x0000000095b00000, 0x0000000095c00000, 0x0000000095c00000|100%| E|CS|TAMS 0x0000000095b00000, 0x0000000095b00000| Complete 
| 348|0x0000000095c00000, 0x0000000095d00000, 0x0000000095d00000|100%| E|CS|TAMS 0x0000000095c00000, 0x0000000095c00000| Complete 
| 349|0x0000000095d00000, 0x0000000095e00000, 0x0000000095e00000|100%| E|CS|TAMS 0x0000000095d00000, 0x0000000095d00000| Complete 
| 350|0x0000000095e00000, 0x0000000095f00000, 0x0000000095f00000|100%| E|CS|TAMS 0x0000000095e00000, 0x0000000095e00000| Complete 
| 351|0x0000000095f00000, 0x0000000096000000, 0x0000000096000000|100%| E|CS|TAMS 0x0000000095f00000, 0x0000000095f00000| Complete 
| 352|0x0000000096000000, 0x0000000096100000, 0x0000000096100000|100%| E|CS|TAMS 0x0000000096000000, 0x0000000096000000| Complete 
| 353|0x0000000096100000, 0x0000000096200000, 0x0000000096200000|100%| E|CS|TAMS 0x0000000096100000, 0x0000000096100000| Complete 
| 354|0x0000000096200000, 0x0000000096300000, 0x0000000096300000|100%| E|CS|TAMS 0x0000000096200000, 0x0000000096200000| Complete 
| 355|0x0000000096300000, 0x0000000096400000, 0x0000000096400000|100%| E|CS|TAMS 0x0000000096300000, 0x0000000096300000| Complete 
| 356|0x0000000096400000, 0x0000000096500000, 0x0000000096500000|100%| E|CS|TAMS 0x0000000096400000, 0x0000000096400000| Complete 
| 357|0x0000000096500000, 0x0000000096600000, 0x0000000096600000|100%| E|CS|TAMS 0x0000000096500000, 0x0000000096500000| Complete 
| 358|0x0000000096600000, 0x0000000096700000, 0x0000000096700000|100%| E|CS|TAMS 0x0000000096600000, 0x0000000096600000| Complete 
| 359|0x0000000096700000, 0x0000000096800000, 0x0000000096800000|100%| E|CS|TAMS 0x0000000096700000, 0x0000000096700000| Complete 
| 360|0x0000000096800000, 0x0000000096900000, 0x0000000096900000|100%| E|CS|TAMS 0x0000000096800000, 0x0000000096800000| Complete 
| 361|0x0000000096900000, 0x0000000096a00000, 0x0000000096a00000|100%| E|CS|TAMS 0x0000000096900000, 0x0000000096900000| Complete 
| 362|0x0000000096a00000, 0x0000000096b00000, 0x0000000096b00000|100%| E|CS|TAMS 0x0000000096a00000, 0x0000000096a00000| Complete 
| 363|0x0000000096b00000, 0x0000000096c00000, 0x0000000096c00000|100%| E|CS|TAMS 0x0000000096b00000, 0x0000000096b00000| Complete 
| 364|0x0000000096c00000, 0x0000000096d00000, 0x0000000096d00000|100%| E|CS|TAMS 0x0000000096c00000, 0x0000000096c00000| Complete 
| 365|0x0000000096d00000, 0x0000000096e00000, 0x0000000096e00000|100%| E|CS|TAMS 0x0000000096d00000, 0x0000000096d00000| Complete 
| 366|0x0000000096e00000, 0x0000000096f00000, 0x0000000096f00000|100%| E|CS|TAMS 0x0000000096e00000, 0x0000000096e00000| Complete 
| 367|0x0000000096f00000, 0x0000000097000000, 0x0000000097000000|100%| E|CS|TAMS 0x0000000096f00000, 0x0000000096f00000| Complete 
| 368|0x0000000097000000, 0x0000000097100000, 0x0000000097100000|100%| E|CS|TAMS 0x0000000097000000, 0x0000000097000000| Complete 
| 369|0x0000000097100000, 0x0000000097200000, 0x0000000097200000|100%| E|CS|TAMS 0x0000000097100000, 0x0000000097100000| Complete 
| 370|0x0000000097200000, 0x0000000097300000, 0x0000000097300000|100%| E|CS|TAMS 0x0000000097200000, 0x0000000097200000| Complete 
| 371|0x0000000097300000, 0x0000000097400000, 0x0000000097400000|100%| E|CS|TAMS 0x0000000097300000, 0x0000000097300000| Complete 
| 372|0x0000000097400000, 0x0000000097500000, 0x0000000097500000|100%| E|CS|TAMS 0x0000000097400000, 0x0000000097400000| Complete 
| 373|0x0000000097500000, 0x0000000097600000, 0x0000000097600000|100%| E|CS|TAMS 0x0000000097500000, 0x0000000097500000| Complete 
| 374|0x0000000097600000, 0x0000000097700000, 0x0000000097700000|100%| E|CS|TAMS 0x0000000097600000, 0x0000000097600000| Complete 
| 375|0x0000000097700000, 0x0000000097800000, 0x0000000097800000|100%| E|CS|TAMS 0x0000000097700000, 0x0000000097700000| Complete 
| 376|0x0000000097800000, 0x0000000097900000, 0x0000000097900000|100%| E|CS|TAMS 0x0000000097800000, 0x0000000097800000| Complete 
| 377|0x0000000097900000, 0x0000000097a00000, 0x0000000097a00000|100%| E|CS|TAMS 0x0000000097900000, 0x0000000097900000| Complete 
| 378|0x0000000097a00000, 0x0000000097b00000, 0x0000000097b00000|100%| E|CS|TAMS 0x0000000097a00000, 0x0000000097a00000| Complete 
| 379|0x0000000097b00000, 0x0000000097c00000, 0x0000000097c00000|100%| E|CS|TAMS 0x0000000097b00000, 0x0000000097b00000| Complete 
| 380|0x0000000097c00000, 0x0000000097d00000, 0x0000000097d00000|100%| E|CS|TAMS 0x0000000097c00000, 0x0000000097c00000| Complete 
| 381|0x0000000097d00000, 0x0000000097e00000, 0x0000000097e00000|100%| E|CS|TAMS 0x0000000097d00000, 0x0000000097d00000| Complete 
| 382|0x0000000097e00000, 0x0000000097f00000, 0x0000000097f00000|100%| E|CS|TAMS 0x0000000097e00000, 0x0000000097e00000| Complete 
| 383|0x0000000097f00000, 0x0000000098000000, 0x0000000098000000|100%| E|CS|TAMS 0x0000000097f00000, 0x0000000097f00000| Complete 
| 384|0x0000000098000000, 0x0000000098100000, 0x0000000098100000|100%| E|CS|TAMS 0x0000000098000000, 0x0000000098000000| Complete 
| 385|0x0000000098100000, 0x0000000098200000, 0x0000000098200000|100%| E|CS|TAMS 0x0000000098100000, 0x0000000098100000| Complete 
| 386|0x0000000098200000, 0x0000000098300000, 0x0000000098300000|100%| E|CS|TAMS 0x0000000098200000, 0x0000000098200000| Complete 
| 387|0x0000000098300000, 0x0000000098400000, 0x0000000098400000|100%| E|CS|TAMS 0x0000000098300000, 0x0000000098300000| Complete 
| 388|0x0000000098400000, 0x0000000098500000, 0x0000000098500000|100%| E|CS|TAMS 0x0000000098400000, 0x0000000098400000| Complete 
| 389|0x0000000098500000, 0x0000000098600000, 0x0000000098600000|100%| E|CS|TAMS 0x0000000098500000, 0x0000000098500000| Complete 
| 390|0x0000000098600000, 0x0000000098700000, 0x0000000098700000|100%| E|CS|TAMS 0x0000000098600000, 0x0000000098600000| Complete 
| 391|0x0000000098700000, 0x0000000098800000, 0x0000000098800000|100%| E|CS|TAMS 0x0000000098700000, 0x0000000098700000| Complete 
| 392|0x0000000098800000, 0x0000000098900000, 0x0000000098900000|100%| E|CS|TAMS 0x0000000098800000, 0x0000000098800000| Complete 
| 393|0x0000000098900000, 0x0000000098a00000, 0x0000000098a00000|100%| E|CS|TAMS 0x0000000098900000, 0x0000000098900000| Complete 
| 394|0x0000000098a00000, 0x0000000098b00000, 0x0000000098b00000|100%| E|CS|TAMS 0x0000000098a00000, 0x0000000098a00000| Complete 
| 395|0x0000000098b00000, 0x0000000098c00000, 0x0000000098c00000|100%| E|CS|TAMS 0x0000000098b00000, 0x0000000098b00000| Complete 
| 396|0x0000000098c00000, 0x0000000098d00000, 0x0000000098d00000|100%| E|CS|TAMS 0x0000000098c00000, 0x0000000098c00000| Complete 
| 397|0x0000000098d00000, 0x0000000098e00000, 0x0000000098e00000|100%| E|CS|TAMS 0x0000000098d00000, 0x0000000098d00000| Complete 
| 398|0x0000000098e00000, 0x0000000098f00000, 0x0000000098f00000|100%| E|CS|TAMS 0x0000000098e00000, 0x0000000098e00000| Complete 
| 399|0x0000000098f00000, 0x0000000099000000, 0x0000000099000000|100%| E|CS|TAMS 0x0000000098f00000, 0x0000000098f00000| Complete 
| 400|0x0000000099000000, 0x0000000099100000, 0x0000000099100000|100%| E|CS|TAMS 0x0000000099000000, 0x0000000099000000| Complete 
| 401|0x0000000099100000, 0x0000000099200000, 0x0000000099200000|100%| E|CS|TAMS 0x0000000099100000, 0x0000000099100000| Complete 
| 402|0x0000000099200000, 0x0000000099300000, 0x0000000099300000|100%| E|CS|TAMS 0x0000000099200000, 0x0000000099200000| Complete 
| 403|0x0000000099300000, 0x0000000099400000, 0x0000000099400000|100%| E|CS|TAMS 0x0000000099300000, 0x0000000099300000| Complete 
| 404|0x0000000099400000, 0x0000000099500000, 0x0000000099500000|100%| E|CS|TAMS 0x0000000099400000, 0x0000000099400000| Complete 
| 405|0x0000000099500000, 0x0000000099600000, 0x0000000099600000|100%| E|CS|TAMS 0x0000000099500000, 0x0000000099500000| Complete 
| 406|0x0000000099600000, 0x0000000099700000, 0x0000000099700000|100%| E|CS|TAMS 0x0000000099600000, 0x0000000099600000| Complete 
| 407|0x0000000099700000, 0x0000000099800000, 0x0000000099800000|100%| E|CS|TAMS 0x0000000099700000, 0x0000000099700000| Complete 
| 408|0x0000000099800000, 0x0000000099900000, 0x0000000099900000|100%| E|CS|TAMS 0x0000000099800000, 0x0000000099800000| Complete 
| 409|0x0000000099900000, 0x0000000099a00000, 0x0000000099a00000|100%| E|CS|TAMS 0x0000000099900000, 0x0000000099900000| Complete 
| 410|0x0000000099a00000, 0x0000000099b00000, 0x0000000099b00000|100%| E|CS|TAMS 0x0000000099a00000, 0x0000000099a00000| Complete 
| 411|0x0000000099b00000, 0x0000000099c00000, 0x0000000099c00000|100%| E|CS|TAMS 0x0000000099b00000, 0x0000000099b00000| Complete 
| 412|0x0000000099c00000, 0x0000000099d00000, 0x0000000099d00000|100%| E|CS|TAMS 0x0000000099c00000, 0x0000000099c00000| Complete 
| 413|0x0000000099d00000, 0x0000000099e00000, 0x0000000099e00000|100%| E|CS|TAMS 0x0000000099d00000, 0x0000000099d00000| Complete 
| 414|0x0000000099e00000, 0x0000000099f00000, 0x0000000099f00000|100%| E|CS|TAMS 0x0000000099e00000, 0x0000000099e00000| Complete 
| 415|0x0000000099f00000, 0x000000009a000000, 0x000000009a000000|100%| E|CS|TAMS 0x0000000099f00000, 0x0000000099f00000| Complete 
| 416|0x000000009a000000, 0x000000009a100000, 0x000000009a100000|100%| E|CS|TAMS 0x000000009a000000, 0x000000009a000000| Complete 
| 417|0x000000009a100000, 0x000000009a200000, 0x000000009a200000|100%| E|CS|TAMS 0x000000009a100000, 0x000000009a100000| Complete 
| 418|0x000000009a200000, 0x000000009a300000, 0x000000009a300000|100%| E|CS|TAMS 0x000000009a200000, 0x000000009a200000| Complete 
| 419|0x000000009a300000, 0x000000009a400000, 0x000000009a400000|100%| E|CS|TAMS 0x000000009a300000, 0x000000009a300000| Complete 
| 420|0x000000009a400000, 0x000000009a500000, 0x000000009a500000|100%| E|CS|TAMS 0x000000009a400000, 0x000000009a400000| Complete 
| 421|0x000000009a500000, 0x000000009a600000, 0x000000009a600000|100%| E|CS|TAMS 0x000000009a500000, 0x000000009a500000| Complete 
| 422|0x000000009a600000, 0x000000009a700000, 0x000000009a700000|100%| E|CS|TAMS 0x000000009a600000, 0x000000009a600000| Complete 
| 423|0x000000009a700000, 0x000000009a800000, 0x000000009a800000|100%| E|CS|TAMS 0x000000009a700000, 0x000000009a700000| Complete 
| 424|0x000000009a800000, 0x000000009a900000, 0x000000009a900000|100%| E|CS|TAMS 0x000000009a800000, 0x000000009a800000| Complete 
| 425|0x000000009a900000, 0x000000009aa00000, 0x000000009aa00000|100%| E|CS|TAMS 0x000000009a900000, 0x000000009a900000| Complete 
| 426|0x000000009aa00000, 0x000000009ab00000, 0x000000009ab00000|100%| E|CS|TAMS 0x000000009aa00000, 0x000000009aa00000| Complete 
| 444|0x000000009bc00000, 0x000000009bd00000, 0x000000009bd00000|100%| E|CS|TAMS 0x000000009bc00000, 0x000000009bc00000| Complete 
| 445|0x000000009bd00000, 0x000000009be00000, 0x000000009be00000|100%| E|CS|TAMS 0x000000009bd00000, 0x000000009bd00000| Complete 
| 446|0x000000009be00000, 0x000000009bf00000, 0x000000009bf00000|100%| E|CS|TAMS 0x000000009be00000, 0x000000009be00000| Complete 
| 447|0x000000009bf00000, 0x000000009c000000, 0x000000009c000000|100%| E|CS|TAMS 0x000000009bf00000, 0x000000009bf00000| Complete 
| 448|0x000000009c000000, 0x000000009c100000, 0x000000009c100000|100%| E|CS|TAMS 0x000000009c000000, 0x000000009c000000| Complete 
| 449|0x000000009c100000, 0x000000009c200000, 0x000000009c200000|100%| S|CS|TAMS 0x000000009c100000, 0x000000009c100000| Complete 
| 450|0x000000009c200000, 0x000000009c300000, 0x000000009c300000|100%| E|CS|TAMS 0x000000009c200000, 0x000000009c200000| Complete 
|2042|0x00000000ffa00000, 0x00000000ffb00000, 0x00000000ffb00000|100%| O|  |TAMS 0x00000000ffb00000, 0x00000000ffa00000| Untracked 
|2043|0x00000000ffb00000, 0x00000000ffc00000, 0x00000000ffc00000|100%| O|  |TAMS 0x00000000ffc00000, 0x00000000ffb00000| Untracked 
|2044|0x00000000ffc00000, 0x00000000ffd00000, 0x00000000ffd00000|100%| O|  |TAMS 0x00000000ffd00000, 0x00000000ffc00000| Untracked 
|2045|0x00000000ffd00000, 0x00000000ffe00000, 0x00000000ffe00000|100%| O|  |TAMS 0x00000000ffe00000, 0x00000000ffd00000| Untracked 
|2046|0x00000000ffe00000, 0x00000000ffe75000, 0x00000000fff00000| 45%|OA|  |TAMS 0x00000000ffe75000, 0x00000000ffe00000| Untracked 
|2047|0x00000000fff00000, 0x00000000fff78000, 0x0000000100000000| 46%|CA|  |TAMS 0x00000000fff78000, 0x00000000fff00000| Untracked 

Card table byte_map: [0x00007f769cd4d000,0x00007f769d14d000] _byte_map_base: 0x00007f769c94d000

Marking Bits (Prev, Next): (CMBitMap*) 0x00007f76b4075e20, (CMBitMap*) 0x00007f76b4075de0
 Prev Bits: [0x00007f769894d000, 0x00007f769a94d000)
 Next Bits: [0x00007f769a94d000, 0x00007f769c94d000)

Polling page: 0x00007f76ba076000

Metaspace:

Usage:
  Non-class:    142.07 MB used.
      Class:     20.77 MB used.
       Both:    162.84 MB used.

Virtual space:
  Non-class space:      192.00 MB reserved,     142.56 MB ( 74%) committed,  3 nodes.
      Class space:      416.00 MB reserved,      21.12 MB (  5%) committed,  1 nodes.
             Both:      608.00 MB reserved,     163.69 MB ( 27%) committed. 

Chunk freelists:
   Non-Class:  752.00 KB
       Class:  10.81 MB
        Both:  11.55 MB

MaxMetaspaceSize: 512.00 MB
CompressedClassSpaceSize: 416.00 MB
Initial GC threshold: 21.00 MB
Current GC threshold: 202.44 MB
CDS: on
MetaspaceReclaimPolicy: balanced
 - commit_granule_bytes: 65536.
 - commit_granule_words: 8192.
 - virtual_space_node_default_size: 8388608.
 - enlarge_chunks_in_place: 1.
 - new_chunks_are_fully_committed: 0.
 - uncommit_free_chunks: 1.
 - use_allocation_guard: 0.
 - handle_deallocations: 1.


Internal statistics:

num_allocs_failed_limit: 17.
num_arena_births: 1044.
num_arena_deaths: 0.
num_vsnodes_births: 4.
num_vsnodes_deaths: 0.
num_space_committed: 2615.
num_space_uncommitted: 0.
num_chunks_returned_to_freelist: 17.
num_chunks_taken_from_freelist: 7195.
num_chunk_merges: 17.
num_chunk_splits: 5619.
num_chunks_enlarged: 4596.
num_inconsistent_stats: 0.

CodeHeap 'non-profiled nmethods': size=120036Kb used=7276Kb max_used=7276Kb free=112759Kb
 bounds [0x00007f76a5014000, 0x00007f76a5734000, 0x00007f76ac54d000]
CodeHeap 'profiled nmethods': size=120032Kb used=32772Kb max_used=32772Kb free=87259Kb
 bounds [0x00007f769d54d000, 0x00007f769f55d000, 0x00007f76a4a85000]
CodeHeap 'non-nmethods': size=5692Kb used=2606Kb max_used=2693Kb free=3085Kb
 bounds [0x00007f76a4a85000, 0x00007f76a4d45000, 0x00007f76a5014000]
 total_blobs=16866 nmethods=15696 adapters=1081
 compilation: enabled
              stopped_count=0, restarted_count=0
 full_count=0

Compilation events (20 events):
Event: 80.696 Thread 0x00007f76b40e3ba0 nmethod 19320 0x00007f769f556510 code [0x00007f769f556a00, 0x00007f769f558f70]
Event: 80.698 Thread 0x00007f76b40e2670 nmethod 19308 0x00007f76a572e410 code [0x00007f76a572e5a0, 0x00007f76a572e638]
Event: 80.700 Thread 0x00007f76b40e2670 19331       4       org.jetbrains.kotlin.fir.visitors.FirTransformerUtilKt::transformInplace (73 bytes)
Event: 80.701 Thread 0x00007f76b40e3ba0 19323       3       org.jetbrains.kotlin.fir.types.impl.FirResolvedTypeRefImpl::transformAnnotations (17 bytes)
Event: 80.715 Thread 0x00007f76b40e3ba0 nmethod 19323 0x00007f769f559c10 code [0x00007f769f559ec0, 0x00007f769f55aa20]
Event: 80.769 Thread 0x00007f76b40e3ba0 19343       3       kotlin.collections.ArrayDeque::positiveMod (21 bytes)
Event: 80.785 Thread 0x00007f76b40e3ba0 nmethod 19343 0x00007f769efaac10 code [0x00007f769efaada0, 0x00007f769efaaef0]
Event: 80.789 Thread 0x00007f76b40e3ba0 19350       3       kotlin.collections.ArrayDeque::removeLast (64 bytes)
Event: 80.870 Thread 0x00007f76b40e3ba0 nmethod 19350 0x00007f769f55ae90 code [0x00007f769f55b0a0, 0x00007f769f55b900]
Event: 80.875 Thread 0x00007f76b40e3ba0 19324       3       org.jetbrains.kotlin.fir.types.impl.FirResolvedTypeRefImpl::transformAnnotations (10 bytes)
Event: 80.898 Thread 0x00007f76b40e2670 nmethod 19331 0x00007f76a572e710 code [0x00007f76a572e8e0, 0x00007f76a572ec08]
Event: 80.966 Thread 0x00007f76b40e2670 19337       4       java.lang.Integer::bitCount (53 bytes)
Event: 80.980 Thread 0x00007f76b40e3ba0 nmethod 19324 0x00007f769f55bb90 code [0x00007f769f55be40, 0x00007f769f55ca00]
Event: 80.992 Thread 0x00007f76b40e3ba0 19325       3       org.jetbrains.kotlin.fir.resolve.transformers.plugin.FirAnnotationArgumentsTransformer::getDeclarationsTransformer (22 bytes)
Event: 80.995 Thread 0x00007f76b40e2670 nmethod 19337 0x00007f76a572f010 code [0x00007f76a572f180, 0x00007f76a572f238]
Event: 81.079 Thread 0x00007f76b40e3ba0 nmethod 19325 0x00007f769f149e90 code [0x00007f769f14a040, 0x00007f769f14a1b0]
Event: 81.197 Thread 0x00007f76b40e3ba0 19356       3       kotlin.sequences.TransformingSequence$iterator$1::hasNext (10 bytes)
Event: 81.374 Thread 0x00007f76b40e3ba0 nmethod 19356 0x00007f769e713690 code [0x00007f769e713840, 0x00007f769e713a00]
Event: 81.680 Thread 0x00007f76b40e3ba0 19359       3       org.jetbrains.kotlin.fir.java.deserialization.JvmBinaryAnnotationDeserializer::loadValueParameterAnnotations (98 bytes)
Event: 81.683 Thread 0x00007f76b40e2670 19363       4       org.jetbrains.kotlin.fir.types.builder.FirResolvedTypeRefBuilder::<init> (19 bytes)

GC Heap History (20 events):
Event: 17.627 GC heap before
{Heap before GC invocations=32 (full 0):
 garbage-first heap   total 229376K, used 196559K [0x0000000080000000, 0x0000000100000000)
  region size 1024K, 135 young (138240K), 2 survivors (2048K)
 Metaspace       used 83313K, committed 83840K, reserved 557056K
  class space    used 11218K, committed 11520K, reserved 425984K
}
Event: 17.677 GC heap after
{Heap after GC invocations=33 (full 0):
 garbage-first heap   total 229376K, used 67247K [0x0000000080000000, 0x0000000100000000)
  region size 1024K, 10 young (10240K), 10 survivors (10240K)
 Metaspace       used 83313K, committed 83840K, reserved 557056K
  class space    used 11218K, committed 11520K, reserved 425984K
}
Event: 17.699 GC heap before
{Heap before GC invocations=33 (full 0):
 garbage-first heap   total 229376K, used 68271K [0x0000000080000000, 0x0000000100000000)
  region size 1024K, 11 young (11264K), 10 survivors (10240K)
 Metaspace       used 83419K, committed 83968K, reserved 557056K
  class space    used 11237K, committed 11520K, reserved 425984K
}
Event: 17.714 GC heap after
{Heap after GC invocations=34 (full 0):
 garbage-first heap   total 229376K, used 68060K [0x0000000080000000, 0x0000000100000000)
  region size 1024K, 1 young (1024K), 1 survivors (1024K)
 Metaspace       used 83419K, committed 83968K, reserved 557056K
  class space    used 11237K, committed 11520K, reserved 425984K
}
Event: 20.395 GC heap before
{Heap before GC invocations=34 (full 0):
 garbage-first heap   total 229376K, used 180700K [0x0000000080000000, 0x0000000100000000)
  region size 1024K, 111 young (113664K), 1 survivors (1024K)
 Metaspace       used 98612K, committed 99200K, reserved 557056K
  class space    used 12895K, committed 13184K, reserved 425984K
}
Event: 20.406 GC heap after
{Heap after GC invocations=35 (full 0):
 garbage-first heap   total 229376K, used 70288K [0x0000000080000000, 0x0000000100000000)
  region size 1024K, 4 young (4096K), 4 survivors (4096K)
 Metaspace       used 98612K, committed 99200K, reserved 557056K
  class space    used 12895K, committed 13184K, reserved 425984K
}
Event: 23.398 GC heap before
{Heap before GC invocations=35 (full 0):
 garbage-first heap   total 229376K, used 190096K [0x0000000080000000, 0x0000000100000000)
  region size 1024K, 115 young (117760K), 4 survivors (4096K)
 Metaspace       used 108722K, committed 109376K, reserved 557056K
  class space    used 14417K, committed 14720K, reserved 425984K
}
Event: 23.468 GC heap after
{Heap after GC invocations=36 (full 0):
 garbage-first heap   total 229376K, used 86492K [0x0000000080000000, 0x0000000100000000)
  region size 1024K, 12 young (12288K), 12 survivors (12288K)
 Metaspace       used 108722K, committed 109376K, reserved 557056K
  class space    used 14417K, committed 14720K, reserved 425984K
}
Event: 25.200 GC heap before
{Heap before GC invocations=36 (full 0):
 garbage-first heap   total 229376K, used 192988K [0x0000000080000000, 0x0000000100000000)
  region size 1024K, 108 young (110592K), 12 survivors (12288K)
 Metaspace       used 113525K, committed 114240K, reserved 557056K
  class space    used 15044K, committed 15360K, reserved 425984K
}
Event: 25.281 GC heap after
{Heap after GC invocations=37 (full 0):
 garbage-first heap   total 229376K, used 97627K [0x0000000080000000, 0x0000000100000000)
  region size 1024K, 9 young (9216K), 9 survivors (9216K)
 Metaspace       used 113525K, committed 114240K, reserved 557056K
  class space    used 15044K, committed 15360K, reserved 425984K
}
Event: 26.610 GC heap before
{Heap before GC invocations=37 (full 0):
 garbage-first heap   total 229376K, used 186715K [0x0000000080000000, 0x0000000100000000)
  region size 1024K, 95 young (97280K), 9 survivors (9216K)
 Metaspace       used 115160K, committed 115840K, reserved 557056K
  class space    used 15212K, committed 15552K, reserved 425984K
}
Event: 26.703 GC heap after
{Heap after GC invocations=38 (full 0):
 garbage-first heap   total 229376K, used 115636K [0x0000000080000000, 0x0000000100000000)
  region size 1024K, 12 young (12288K), 12 survivors (12288K)
 Metaspace       used 115160K, committed 115840K, reserved 557056K
  class space    used 15212K, committed 15552K, reserved 425984K
}
Event: 27.979 GC heap before
{Heap before GC invocations=38 (full 0):
 garbage-first heap   total 229376K, used 179124K [0x0000000080000000, 0x0000000100000000)
  region size 1024K, 74 young (75776K), 12 survivors (12288K)
 Metaspace       used 116272K, committed 116928K, reserved 557056K
  class space    used 15306K, committed 15616K, reserved 425984K
}
Event: 28.014 GC heap after
{Heap after GC invocations=39 (full 0):
 garbage-first heap   total 467968K, used 122292K [0x0000000080000000, 0x0000000100000000)
  region size 1024K, 7 young (7168K), 7 survivors (7168K)
 Metaspace       used 116272K, committed 116928K, reserved 557056K
  class space    used 15306K, committed 15616K, reserved 425984K
}
Event: 32.812 GC heap before
{Heap before GC invocations=39 (full 0):
 garbage-first heap   total 467968K, used 240052K [0x0000000080000000, 0x0000000100000000)
  region size 1024K, 124 young (126976K), 7 survivors (7168K)
 Metaspace       used 123069K, committed 123776K, reserved 557056K
  class space    used 16119K, committed 16448K, reserved 425984K
}
Event: 32.880 GC heap after
{Heap after GC invocations=40 (full 0):
 garbage-first heap   total 467968K, used 126388K [0x0000000080000000, 0x0000000100000000)
  region size 1024K, 18 young (18432K), 18 survivors (18432K)
 Metaspace       used 123069K, committed 123776K, reserved 557056K
  class space    used 16119K, committed 16448K, reserved 425984K
}
Event: 42.079 GC heap before
{Heap before GC invocations=41 (full 0):
 garbage-first heap   total 450560K, used 360884K [0x0000000080000000, 0x0000000100000000)
  region size 1024K, 245 young (250880K), 18 survivors (18432K)
 Metaspace       used 157799K, committed 158592K, reserved 622592K
  class space    used 20433K, committed 20800K, reserved 425984K
}
Event: 42.377 GC heap after
{Heap after GC invocations=42 (full 0):
 garbage-first heap   total 450560K, used 152076K [0x0000000080000000, 0x0000000100000000)
  region size 1024K, 31 young (31744K), 31 survivors (31744K)
 Metaspace       used 157799K, committed 158592K, reserved 622592K
  class space    used 20433K, committed 20800K, reserved 425984K
}
Event: 42.815 GC heap before
{Heap before GC invocations=42 (full 0):
 garbage-first heap   total 450560K, used 152076K [0x0000000080000000, 0x0000000100000000)
  region size 1024K, 32 young (32768K), 31 survivors (31744K)
 Metaspace       used 157981K, committed 158720K, reserved 622592K
  class space    used 20457K, committed 20800K, reserved 425984K
}
Event: 43.000 GC heap after
{Heap after GC invocations=43 (full 0):
 garbage-first heap   total 450560K, used 150964K [0x0000000080000000, 0x0000000100000000)
  region size 1024K, 1 young (1024K), 1 survivors (1024K)
 Metaspace       used 157981K, committed 158720K, reserved 622592K
  class space    used 20457K, committed 20800K, reserved 425984K
}

Dll operation events (14 events):
Event: 0.002 Loaded shared library /usr/lib/jvm/java-17-openjdk-amd64/lib/libjava.so
Event: 0.077 Loaded shared library /usr/lib/jvm/java-17-openjdk-amd64/lib/libjsvml.so
Event: 0.167 Loaded shared library /usr/lib/jvm/java-17-openjdk-amd64/lib/libzip.so
Event: 0.168 Loaded shared library /usr/lib/jvm/java-17-openjdk-amd64/lib/libinstrument.so
Event: 0.169 Loaded shared library /usr/lib/jvm/java-17-openjdk-amd64/lib/libnio.so
Event: 0.173 Loaded shared library /usr/lib/jvm/java-17-openjdk-amd64/lib/libzip.so
Event: 0.290 Loaded shared library /usr/lib/jvm/java-17-openjdk-amd64/lib/libjimage.so
Event: 0.375 Loaded shared library /usr/lib/jvm/java-17-openjdk-amd64/lib/libverify.so
Event: 0.584 Loaded shared library /usr/lib/jvm/java-17-openjdk-amd64/lib/libnet.so
Event: 0.586 Loaded shared library /root/.gradle/native/c067742578af261105cb4f569cf0c3c89f3d7b1fecec35dd04571415982c5e48/linux-amd64/libnative-platform.so
Event: 0.589 Loaded shared library /root/.gradle/native/38dada09dfb8b06ba9b0570ebf7e218e3eb74d4ef43ca46872605cf95ebc2f47/linux-amd64/libnative-platform-file-events.so
Event: 1.489 Loaded shared library /usr/lib/jvm/java-17-openjdk-amd64/lib/libmanagement.so
Event: 1.490 Loaded shared library /usr/lib/jvm/java-17-openjdk-amd64/lib/libmanagement_ext.so
Event: 1.788 Loaded shared library /usr/lib/jvm/java-17-openjdk-amd64/lib/libextnet.so

Deoptimization events (20 events):
Event: 72.081 Thread 0x00007f764c024a10 DEOPT PACKING pc=0x00007f76a56f5414 sp=0x00007f762fef5ff0
Event: 72.081 Thread 0x00007f764c024a10 DEOPT UNPACKING pc=0x00007f76a4adeb19 sp=0x00007f762fef5fa0 mode 2
Event: 72.203 Thread 0x00007f764c024a10 DEOPT PACKING pc=0x00007f769f13d715 sp=0x00007f762fef6b80
Event: 72.203 Thread 0x00007f764c024a10 DEOPT UNPACKING pc=0x00007f76a4adf64f sp=0x00007f762fef6030 mode 0
Event: 72.205 Thread 0x00007f764c024a10 Uncommon trap: trap_request=0xffffff45 fr.pc=0x00007f76a56f24b8 relative=0x00000000000036b8
Event: 72.205 Thread 0x00007f764c024a10 Uncommon trap: reason=unstable_if action=reinterpret pc=0x00007f76a56f24b8 method=org.jetbrains.org.objectweb.asm.ClassReader.readMethod(Lorg/jetbrains/org/objectweb/asm/ClassVisitor;Lorg/jetbrains/org/objectweb/asm/Context;I)I @ 895 c2
Event: 72.205 Thread 0x00007f764c024a10 DEOPT PACKING pc=0x00007f76a56f24b8 sp=0x00007f762fef6820
Event: 72.205 Thread 0x00007f764c024a10 DEOPT UNPACKING pc=0x00007f76a4adeb19 sp=0x00007f762fef6808 mode 2
Event: 73.607 Thread 0x00007f764c024a10 Uncommon trap: trap_request=0xffffff45 fr.pc=0x00007f76a570e080 relative=0x00000000000014a0
Event: 73.608 Thread 0x00007f764c024a10 Uncommon trap: reason=unstable_if action=reinterpret pc=0x00007f76a570e080 method=org.jetbrains.kotlin.fir.types.ConeInferenceContext.typeDepth(Lorg/jetbrains/kotlin/types/model/SimpleTypeMarker;)I @ 142 c2
Event: 73.609 Thread 0x00007f764c024a10 DEOPT PACKING pc=0x00007f76a570e080 sp=0x00007f762fef6a40
Event: 73.609 Thread 0x00007f764c024a10 DEOPT UNPACKING pc=0x00007f76a4adeb19 sp=0x00007f762fef6920 mode 2
Event: 73.611 Thread 0x00007f764c024a10 Uncommon trap: trap_request=0xffffff45 fr.pc=0x00007f76a57126b8 relative=0x0000000000000af8
Event: 73.611 Thread 0x00007f764c024a10 Uncommon trap: reason=unstable_if action=reinterpret pc=0x00007f76a57126b8 method=org.jetbrains.kotlin.fir.types.ConeInferenceContext.typeDepth(Lorg/jetbrains/kotlin/types/model/SimpleTypeMarker;)I @ 142 c2
Event: 73.611 Thread 0x00007f764c024a10 DEOPT PACKING pc=0x00007f76a57126b8 sp=0x00007f762fef6930
Event: 73.611 Thread 0x00007f764c024a10 DEOPT UNPACKING pc=0x00007f76a4adeb19 sp=0x00007f762fef6908 mode 2
Event: 74.304 Thread 0x00007f764c024a10 DEOPT PACKING pc=0x00007f769f13d715 sp=0x00007f762fef62c0
Event: 74.304 Thread 0x00007f764c024a10 DEOPT UNPACKING pc=0x00007f76a4adf64f sp=0x00007f762fef5770 mode 0
Event: 79.572 Thread 0x00007f76b522b1c0 DEOPT PACKING pc=0x00007f769ded80d5 sp=0x00007f76893f1d20
Event: 79.573 Thread 0x00007f76b522b1c0 DEOPT UNPACKING pc=0x00007f76a4adf64f sp=0x00007f76893f1280 mode 0

Classes loaded (20 events):
Event: 33.791 Loading class java/nio/file/TempFileHelper
Event: 33.792 Loading class java/nio/file/TempFileHelper done
Event: 33.792 Loading class sun/nio/fs/LinuxFileSystem$SupportedFileFileAttributeViewsHolder
Event: 33.792 Loading class sun/nio/fs/LinuxFileSystem$SupportedFileFileAttributeViewsHolder done
Event: 33.792 Loading class java/nio/file/TempFileHelper$PosixPermissions
Event: 33.792 Loading class java/nio/file/TempFileHelper$PosixPermissions done
Event: 33.792 Loading class sun/nio/fs/UnixFileModeAttribute$1
Event: 33.792 Loading class sun/nio/fs/UnixFileModeAttribute$1 done
Event: 33.899 Loading class java/rmi/RemoteException
Event: 33.899 Loading class java/rmi/RemoteException done
Event: 33.901 Loading class java/util/concurrent/Executors$FinalizableDelegatedExecutorService
Event: 33.901 Loading class java/util/concurrent/Executors$DelegatedExecutorService
Event: 33.901 Loading class java/util/concurrent/Executors$DelegatedExecutorService done
Event: 33.901 Loading class java/util/concurrent/Executors$FinalizableDelegatedExecutorService done
Event: 33.901 Loading class java/util/concurrent/Executors$DefaultThreadFactory
Event: 33.901 Loading class java/util/concurrent/Executors$DefaultThreadFactory done
Event: 38.294 Loading class java/util/regex/Pattern$1
Event: 38.295 Loading class java/util/regex/Pattern$1 done
Event: 39.870 Loading class java/util/PriorityQueue
Event: 39.872 Loading class java/util/PriorityQueue done

Classes unloaded (0 events):
No events

Classes redefined (0 events):
No events

Internal exceptions (20 events):
Event: 33.872 Thread 0x00007f76855cd810 Exception <a 'java/lang/NoSuchMethodError'{0x0000000099a51ba8}: static Lorg/jetbrains/kotlin/incremental/ClasspathChanges$ClasspathSnapshotEnabled;.<clinit>()V> (0x0000000099a51ba8) 
thrown [./src/hotspot/share/prims/jni.cpp, line 1112]
Event: 33.872 Thread 0x00007f76855cd810 Exception <a 'java/lang/NoSuchMethodError'{0x0000000099a53c38}: static Lorg/jetbrains/kotlin/incremental/ClasspathChanges;.<clinit>()V> (0x0000000099a53c38) 
thrown [./src/hotspot/share/prims/jni.cpp, line 1112]
Event: 33.903 Thread 0x00007f764c024a10 Implicit null exception at 0x00007f76a5252360 to 0x00007f76a5252400
Event: 34.304 Thread 0x00007f764c024a10 Exception <a 'java/lang/NoSuchMethodError'{0x00000000988b6900}: 'java.lang.Object java.lang.invoke.DirectMethodHandle$Holder.invokeStatic(java.lang.Object, int, java.lang.Object)'> (0x00000000988b6900) 
thrown [./src/hotspot/share/interpreter/linkResolver.cpp, line 758]
Event: 34.305 Thread 0x00007f764c024a10 Exception <a 'java/lang/NoSuchMethodError'{0x00000000988ba1a8}: 'java.lang.Object java.lang.invoke.DirectMethodHandle$Holder.invokeStaticInit(java.lang.Object, int, java.lang.Object)'> (0x00000000988ba1a8) 
thrown [./src/hotspot/share/interpreter/linkResolver.cpp, line 758]
Event: 34.308 Thread 0x00007f764c024a10 Exception <a 'java/lang/NoSuchMethodError'{0x00000000988f7268}: 'java.lang.Object java.lang.invoke.DirectMethodHandle$Holder.invokeStaticInit(java.lang.Object, java.lang.Object, java.lang.Object, java.lang.Object, java.lang.Object)'> (0x00000000988f7268) 
thrown [./src/hotspot/share/interpreter/linkResolver.cpp, line 758]
Event: 34.309 Thread 0x00007f764c024a10 Exception <a 'java/lang/NoSuchMethodError'{0x0000000098702118}: 'java.lang.Object java.lang.invoke.DirectMethodHandle$Holder.invokeStaticInit(java.lang.Object, java.lang.Object, java.lang.Object, java.lang.Object, java.lang.Object, java.lang.Object)'> (0x0000000098702118) 
thrown [./src/hotspot/share/interpreter/linkResolver.cpp, line 758]
Event: 35.687 Thread 0x00007f764c024a10 Exception <a 'java/lang/NoSuchMethodError'{0x00000000938f90a0}: 'java.lang.Object java.lang.invoke.DirectMethodHandle$Holder.newInvokeSpecial(java.lang.Object, int, java.lang.Object, java.lang.Object, java.lang.Object, java.lang.Object)'> (0x00000000938f90a0) 
thrown [./src/hotspot/share/interpreter/linkResolver.cpp, line 758]
Event: 35.687 Thread 0x00007f764c024a10 Exception <a 'java/lang/NoSuchMethodError'{0x00000000938fd330}: 'java.lang.Object java.lang.invoke.DirectMethodHandle$Holder.invokeSpecial(java.lang.Object, java.lang.Object, int, java.lang.Object, java.lang.Object, java.lang.Object, java.lang.Object)'> (0x00000000938fd330) 
thrown [./src/hotspot/share/interpreter/linkResolver.cpp, line 758]
Event: 37.621 Thread 0x00007f764c024a10 Exception <a 'java/lang/NoSuchMethodError'{0x000000008f8f5520}: 'int java.lang.invoke.DirectMethodHandle$Holder.invokeStaticInit(java.lang.Object, int)'> (0x000000008f8f5520) 
thrown [./src/hotspot/share/interpreter/linkResolver.cpp, line 758]
Event: 42.067 Thread 0x00007f764c024a10 Implicit null exception at 0x00007f76a556de11 to 0x00007f76a556e03d
Event: 66.178 Thread 0x00007f764c024a10 Exception <a 'java/lang/NoSuchMethodError'{0x0000000095805fa0}: 'java.lang.Object java.lang.invoke.DirectMethodHandle$Holder.newInvokeSpecial(java.lang.Object, int, java.lang.Object, java.lang.Object)'> (0x0000000095805fa0) 
thrown [./src/hotspot/share/interpreter/linkResolver.cpp, line 758]
Event: 66.183 Thread 0x00007f764c024a10 Exception <a 'java/lang/NoSuchMethodError'{0x000000009580a338}: 'java.lang.Object java.lang.invoke.DirectMethodHandle$Holder.invokeSpecial(java.lang.Object, java.lang.Object, int, java.lang.Object, java.lang.Object)'> (0x000000009580a338) 
thrown [./src/hotspot/share/interpreter/linkResolver.cpp, line 758]
Event: 66.595 Thread 0x00007f764c024a10 Exception <a 'java/lang/NoSuchMethodError'{0x0000000095609030}: 'java.lang.Object java.lang.invoke.DirectMethodHandle$Holder.invokeStatic(java.lang.Object, int, java.lang.Object, java.lang.Object)'> (0x0000000095609030) 
thrown [./src/hotspot/share/interpreter/linkResolver.cpp, line 758]
Event: 67.672 Thread 0x00007f764c024a10 Exception <a 'java/lang/NoSuchMethodError'{0x0000000095132c90}: 'java.lang.Object java.lang.invoke.DirectMethodHandle$Holder.invokeStatic(java.lang.Object, java.lang.Object, java.lang.Object, java.lang.Object, int, java.lang.Object, java.lang.Object)'> (0x0000000095132c90) 
thrown [./src/hotspot/share/interpreter/linkResolver.cpp, line 758]
Event: 67.675 Thread 0x00007f764c024a10 Exception <a 'java/lang/NoSuchMethodError'{0x000000009513c958}: 'java.lang.Object java.lang.invoke.DirectMethodHandle$Holder.newInvokeSpecial(java.lang.Object, java.lang.Object, java.lang.Object, java.lang.Object, int, java.lang.Object, java.lang.Object)'> (0x000000009513c958) 
thrown [./src/hotspot/share/interpreter/linkResolver.cpp, line 758]
Event: 75.498 Thread 0x00007f764c024a10 Exception <a 'java/lang/NoSuchMethodError'{0x00000000937fcd28}: 'java.lang.Object java.lang.invoke.DirectMethodHandle$Holder.invokeStatic(java.lang.Object, int, java.lang.Object, java.lang.Object, java.lang.Object, java.lang.Object, java.lang.Object)'> (0x00000000937fcd28) 
thrown [./src/hotspot/share/interpreter/linkResolver.cpp, line 758]
Event: 75.792 Thread 0x00007f764c024a10 Exception <a 'java/lang/NoSuchMethodError'{0x0000000093607650}: 'java.lang.Object java.lang.invoke.DirectMethodHandle$Holder.newInvokeSpecial(java.lang.Object, int, java.lang.Object, java.lang.Object, java.lang.Object)'> (0x0000000093607650) 
thrown [./src/hotspot/share/interpreter/linkResolver.cpp, line 758]
Event: 75.895 Thread 0x00007f764c024a10 Exception <a 'java/lang/NoSuchMethodError'{0x000000009360c040}: 'java.lang.Object java.lang.invoke.DirectMethodHandle$Holder.invokeSpecial(java.lang.Object, java.lang.Object, int, java.lang.Object, java.lang.Object, java.lang.Object)'> (0x000000009360c040) 
thrown [./src/hotspot/share/interpreter/linkResolver.cpp, line 758]
Event: 75.970 Thread 0x00007f764c024a10 Exception <a 'java/lang/NoSuchMethodError'{0x00000000936102d8}: 'java.lang.Object java.lang.invoke.Invokers$Holder.linkToTargetMethod(int, java.lang.Object, java.lang.Object, java.lang.Object, java.lang.Object)'> (0x00000000936102d8) 
thrown [./src/hotspot/share/interpreter/linkResolver.cpp, line 758]

VM Operations (20 events):
Event: 73.399 Executing VM operation: Cleanup
Event: 73.408 Executing VM operation: Cleanup done
Event: 73.587 Executing VM operation: HandshakeAllThreads
Event: 73.590 Executing VM operation: HandshakeAllThreads done
Event: 74.590 Executing VM operation: Cleanup
Event: 74.594 Executing VM operation: Cleanup done
Event: 75.600 Executing VM operation: Cleanup
Event: 75.601 Executing VM operation: Cleanup done
Event: 76.012 Executing VM operation: HandshakeAllThreads
Event: 76.013 Executing VM operation: HandshakeAllThreads done
Event: 77.068 Executing VM operation: Cleanup
Event: 77.076 Executing VM operation: Cleanup done
Event: 78.080 Executing VM operation: Cleanup
Event: 78.099 Executing VM operation: Cleanup done
Event: 79.102 Executing VM operation: Cleanup
Event: 79.110 Executing VM operation: Cleanup done
Event: 80.112 Executing VM operation: Cleanup
Event: 80.116 Executing VM operation: Cleanup done
Event: 81.170 Executing VM operation: Cleanup
Event: 81.180 Executing VM operation: Cleanup done

Memory protections (20 events):
Event: 4.116 Protecting memory [0x00007f7660dff000,0x00007f7660e03000] with protection modes 0
Event: 4.175 Protecting memory [0x00007f7660cfe000,0x00007f7660d02000] with protection modes 0
Event: 4.480 Protecting memory [0x00007f7660aa0000,0x00007f7660aa4000] with protection modes 0
Event: 4.607 Protecting memory [0x00007f766099f000,0x00007f76609a3000] with protection modes 0
Event: 5.904 Protecting memory [0x00007f766089e000,0x00007f76608a2000] with protection modes 0
Event: 6.416 Protecting memory [0x00007f766079d000,0x00007f76607a1000] with protection modes 0
Event: 6.471 Protecting memory [0x00007f766069c000,0x00007f76606a0000] with protection modes 0
Event: 6.684 Protecting memory [0x00007f766059b000,0x00007f766059f000] with protection modes 0
Event: 7.469 Protecting memory [0x00007f766049a000,0x00007f766049e000] with protection modes 0
Event: 21.093 Protecting memory [0x00007f7660399000,0x00007f766039d000] with protection modes 0
Event: 21.918 Protecting memory [0x00007f7660298000,0x00007f766029c000] with protection modes 0
Event: 22.973 Protecting memory [0x00007f7660197000,0x00007f766019b000] with protection modes 0
Event: 30.920 Protecting memory [0x00007f7660096000,0x00007f766009a000] with protection modes 0
Event: 30.991 Protecting memory [0x00007f763444d000,0x00007f7634451000] with protection modes 0
Event: 31.812 Protecting memory [0x00007f763434c000,0x00007f7634350000] with protection modes 0
Event: 31.996 Protecting memory [0x00007f763424b000,0x00007f763424f000] with protection modes 0
Event: 32.078 Protecting memory [0x00007f763414a000,0x00007f763414e000] with protection modes 0
Event: 32.683 Protecting memory [0x00007f7634049000,0x00007f763404d000] with protection modes 0
Event: 33.882 Protecting memory [0x00007f762ff00000,0x00007f762ff04000] with protection modes 0
Event: 33.902 Protecting memory [0x00007f762fdff000,0x00007f762fe03000] with protection modes 0

Nmethod flushes (20 events):
Event: 66.405 Thread 0x00007f76b40e5010 flushing  nmethod 0x00007f769f222590
Event: 66.405 Thread 0x00007f76b40e5010 flushing  nmethod 0x00007f769f222a10
Event: 66.405 Thread 0x00007f76b40e5010 flushing  nmethod 0x00007f769f223010
Event: 66.405 Thread 0x00007f76b40e5010 flushing  nmethod 0x00007f769f225910
Event: 66.405 Thread 0x00007f76b40e5010 flushing  nmethod 0x00007f769f227510
Event: 66.405 Thread 0x00007f76b40e5010 flushing  nmethod 0x00007f769f227e90
Event: 66.405 Thread 0x00007f76b40e5010 flushing  nmethod 0x00007f769f228690
Event: 66.405 Thread 0x00007f76b40e5010 flushing  nmethod 0x00007f769f229390
Event: 66.405 Thread 0x00007f76b40e5010 flushing  nmethod 0x00007f769f229d10
Event: 66.405 Thread 0x00007f76b40e5010 flushing  nmethod 0x00007f769f22bc10
Event: 66.405 Thread 0x00007f76b40e5010 flushing  nmethod 0x00007f769f22c590
Event: 66.405 Thread 0x00007f76b40e5010 flushing  nmethod 0x00007f769f22cf10
Event: 66.405 Thread 0x00007f76b40e5010 flushing  nmethod 0x00007f769f22f310
Event: 66.405 Thread 0x00007f76b40e5010 flushing  nmethod 0x00007f769f23c610
Event: 66.405 Thread 0x00007f76b40e5010 flushing  nmethod 0x00007f769f23db10
Event: 66.405 Thread 0x00007f76b40e5010 flushing  nmethod 0x00007f769f23ed90
Event: 66.405 Thread 0x00007f76b40e5010 flushing  nmethod 0x00007f769f23f110
Event: 66.405 Thread 0x00007f76b40e5010 flushing  nmethod 0x00007f769f240310
Event: 66.405 Thread 0x00007f76b40e5010 flushing  nmethod 0x00007f769f245a10
Event: 66.406 Thread 0x00007f76b40e5010 flushing  nmethod 0x00007f769f2d4b90

Events (20 events):
Event: 4.108 Thread 0x00007f765400bd70 Thread added: 0x00007f76846d95b0
Event: 4.117 Thread 0x00007f765400bd70 Thread added: 0x00007f76846dc810
Event: 4.474 Thread 0x00007f765400bd70 Thread added: 0x00007f7684760e40
Event: 4.606 Thread 0x00007f765400bd70 Thread added: 0x00007f76847bde10
Event: 5.901 Thread 0x00007f765400bd70 Thread added: 0x00007f7684999fe0
Event: 6.416 Thread 0x00007f765400bd70 Thread added: 0x00007f7684ac6bc0
Event: 6.471 Thread 0x00007f765400bd70 Thread added: 0x00007f7684aced00
Event: 6.684 Thread 0x00007f765400bd70 Thread added: 0x00007f7684b34eb0
Event: 7.414 Thread 0x00007f765400bd70 Thread added: 0x00007f7684d8dd90
Event: 21.093 Thread 0x00007f765400bd70 Thread added: 0x00007f768638be00
Event: 21.913 Thread 0x00007f765400bd70 Thread added: 0x00007f76865635a0
Event: 22.966 Thread 0x00007f765400bd70 Thread added: 0x00007f76868cb3a0
Event: 30.920 Thread 0x00007f765400bd70 Thread added: 0x00007f76855cd810
Event: 30.991 Thread 0x00007f76855cd810 Thread added: 0x0000560486dda7c0
Event: 31.811 Thread 0x00007f76855cd810 Thread added: 0x0000560486e09fd0
Event: 31.991 Thread 0x00007f76855cd810 Thread added: 0x0000560486e18ac0
Event: 32.071 Thread 0x00007f76855cd810 Thread added: 0x0000560486e5cab0
Event: 32.680 Thread 0x00007f76855cd810 Thread added: 0x0000560486e549b0
Event: 33.880 Thread 0x00007f76855cd810 Thread added: 0x0000560486f03510
Event: 33.902 Thread 0x0000560486f03510 Thread added: 0x00007f764c024a10


Dynamic libraries:
80000000-9ab00000 rw-p 00000000 00:00 0 
9ab00000-9bc00000 ---p 00000000 00:00 0 
9bc00000-9c300000 rw-p 00000000 00:00 0 
9c300000-ffa00000 ---p 00000000 00:00 0 
ffa00000-ffe00000 rw-p 00000000 00:00 0 
ffe00000-ffe75000 rw-p 00c7a000 00:25 13842                              /usr/lib/jvm/java-17-openjdk-amd64/lib/server/classes.jsa
ffe75000-fff00000 rw-p 00000000 00:00 0 
fff00000-fff78000 rw-p 00c02000 00:25 13842                              /usr/lib/jvm/java-17-openjdk-amd64/lib/server/classes.jsa
fff78000-100000000 rw-p 00000000 00:00 0 
560486389000-56048638a000 r--p 00000000 00:25 13485                      /usr/lib/jvm/java-17-openjdk-amd64/bin/java
56048638a000-56048638b000 r-xp 00001000 00:25 13485                      /usr/lib/jvm/java-17-openjdk-amd64/bin/java
56048638b000-56048638c000 r--p 00002000 00:25 13485                      /usr/lib/jvm/java-17-openjdk-amd64/bin/java
56048638c000-56048638d000 r--p 00002000 00:25 13485                      /usr/lib/jvm/java-17-openjdk-amd64/bin/java
56048638d000-56048638e000 rw-p 00003000 00:25 13485                      /usr/lib/jvm/java-17-openjdk-amd64/bin/java
560486d8e000-560486f13000 rw-p 00000000 00:00 0                          [heap]
7f7623000000-7f76233e0000 rw-p 00000000 00:00 0 
7f76233e0000-7f7623f50000 rw-p 00000000 00:00 0 
7f7623f50000-7f7627000000 ---p 00000000 00:00 0 
7f762798b000-7f7627a48000 r--s 00000000 fe:00 133666                     /root/.gradle/caches/modules-2/files-2.1/io.ktor/ktor-server-core-jvm/3.0.0/f32f92b9b25d10f5ac916b9b92b32475dae02bd8/ktor-server-core-jvm-3.0.0.jar
7f7627a48000-7f7627b5e000 r--s 00000000 fe:00 133671                     /root/.gradle/caches/modules-2/files-2.1/org.jetbrains.exposed/exposed-core/0.56.0/4008bdcad77b873eb9bad159dcf90d94c7a5ffb0/exposed-core-0.56.0.jar
7f7627b5e000-7f7627c37000 r--s 00000000 fe:00 133798                     /root/.gradle/caches/modules-2/files-2.1/org.jetbrains.kotlinx/kotlinx-html-jvm/0.11.0/c2ff9650018827a7e481f31bc25845abef40914a/kotlinx-html-jvm-0.11.0.jar
7f7627c37000-7f7627de2000 r--s 00000000 fe:00 133698                     /root/.gradle/caches/modules-2/files-2.1/org.jetbrains.kotlin/kotlin-stdlib/2.0.20/7388d355f7cceb002cd387ccb7ab3850e4e0a07f/kotlin-stdlib-2.0.20.jar
7f7627de2000-7f7627f48000 r--s 00000000 fe:00 133691                     /root/.gradle/caches/modules-2/files-2.1/org.jetbrains.kotlinx/kotlinx-coroutines-core-jvm/1.9.0/9beade4c1c1569e4f36cbd2c37e02e3e41502601/kotlinx-coroutines-core-jvm-1.9.0.jar
7f7627f48000-7f7628235000 r--s 00000000 fe:00 133672                     /root/.gradle/caches/modules-2/files-2.1/org.jetbrains.kotlin/kotlin-reflect/2.0.20/580c610641d75b6448825cbe455a1ded220e148b/kotlin-reflect-2.0.20.jar
7f76282a8000-7f762834b000 r--s 00000000 fe:00 133688                     /root/.gradle/caches/modules-2/files-2.1/org.jetbrains.kotlinx/kotlinx-datetime-jvm/0.6.1/23d9f71268d3ffc31ce5a5d25622f20bffb3d639/kotlinx-datetime-jvm-0.6.1.jar
7f762834b000-7f762fdfe000 r--s 00000000 00:25 13833                      /usr/lib/jvm/java-17-openjdk-amd64/lib/modules
7f762fdfe000-7f762fdff000 ---p 00000000 00:00 0 
7f762fdff000-7f762fe03000 ---p 00000000 00:00 0 
7f762fe03000-7f762feff000 rw-p 00000000 00:00 0 
7f762feff000-7f762ff00000 ---p 00000000 00:00 0 
7f762ff00000-7f762ff04000 ---p 00000000 00:00 0 
7f762ff04000-7f7631700000 rw-p 00000000 00:00 0 
7f7631700000-7f7631800000 rw-p 00000000 00:00 0 
7f7631800000-7f76321c0000 rw-p 00000000 00:00 0 
7f76321c0000-7f7632200000 rw-p 00000000 00:00 0 
7f7632200000-7f7632900000 rw-p 00000000 00:00 0 
7f7632900000-7f7632940000 rw-p 00000000 00:00 0 
7f7632940000-7f7632a00000 ---p 00000000 00:00 0 
7f7632a00000-7f7634000000 rw-p 00000000 00:00 0 
7f7634048000-7f7634049000 ---p 00000000 00:00 0 
7f7634049000-7f763404d000 ---p 00000000 00:00 0 
7f763404d000-7f7634149000 rw-p 00000000 00:00 0 
7f7634149000-7f763414a000 ---p 00000000 00:00 0 
7f763414a000-7f763414e000 ---p 00000000 00:00 0 
7f763414e000-7f763424a000 rw-p 00000000 00:00 0 
7f763424a000-7f763424b000 ---p 00000000 00:00 0 
7f763424b000-7f763424f000 ---p 00000000 00:00 0 
7f763424f000-7f763434b000 rw-p 00000000 00:00 0 
7f763434b000-7f763434c000 ---p 00000000 00:00 0 
7f763434c000-7f7634350000 ---p 00000000 00:00 0 
7f7634350000-7f763444c000 rw-p 00000000 00:00 0 
7f763444c000-7f763444d000 ---p 00000000 00:00 0 
7f763444d000-7f7634451000 ---p 00000000 00:00 0 
7f7634451000-7f763454d000 rw-p 00000000 00:00 0 
7f763454d000-7f763c000000 r--s 00000000 00:25 13833                      /usr/lib/jvm/java-17-openjdk-amd64/lib/modules
7f763c000000-7f763cf20000 rw-p 00000000 00:00 0 
7f763cf20000-7f7640000000 ---p 00000000 00:00 0 
7f7640000000-7f7640032000 rw-p 00000000 00:00 0 
7f7640032000-7f7644000000 ---p 00000000 00:00 0 
7f7644000000-7f7644021000 rw-p 00000000 00:00 0 
7f7644021000-7f7648000000 ---p 00000000 00:00 0 
7f7648000000-7f764a6f7000 rw-p 00000000 00:00 0 
7f764a6f7000-7f764c000000 ---p 00000000 00:00 0 
7f764c000000-7f764c055000 rw-p 00000000 00:00 0 
7f764c055000-7f7650000000 ---p 00000000 00:00 0 
7f7650000000-7f7650021000 rw-p 00000000 00:00 0 
7f7650021000-7f7654000000 ---p 00000000 00:00 0 
7f7654000000-7f765402b000 rw-p 00000000 00:00 0 
7f765402b000-7f7658000000 ---p 00000000 00:00 0 
7f7658000000-7f7658a5f000 rw-p 00000000 00:00 0 
7f7658a5f000-7f765c000000 ---p 00000000 00:00 0 
7f765c000000-7f765c190000 rw-p 00000000 00:00 0 
7f765c190000-7f7660000000 ---p 00000000 00:00 0 
7f7660095000-7f7660096000 ---p 00000000 00:00 0 
7f7660096000-7f766009a000 ---p 00000000 00:00 0 
7f766009a000-7f7660196000 rw-p 00000000 00:00 0 
7f7660196000-7f7660197000 ---p 00000000 00:00 0 
7f7660197000-7f766019b000 ---p 00000000 00:00 0 
7f766019b000-7f7660297000 rw-p 00000000 00:00 0 
7f7660297000-7f7660298000 ---p 00000000 00:00 0 
7f7660298000-7f766029c000 ---p 00000000 00:00 0 
7f766029c000-7f7660398000 rw-p 00000000 00:00 0 
7f7660398000-7f7660399000 ---p 00000000 00:00 0 
7f7660399000-7f766039d000 ---p 00000000 00:00 0 
7f766039d000-7f7660499000 rw-p 00000000 00:00 0 
7f7660499000-7f766049a000 ---p 00000000 00:00 0 
7f766049a000-7f766049e000 ---p 00000000 00:00 0 
7f766049e000-7f766059a000 rw-p 00000000 00:00 0 
7f766059a000-7f766059b000 ---p 00000000 00:00 0 
7f766059b000-7f766059f000 ---p 00000000 00:00 0 
7f766059f000-7f766069b000 rw-p 00000000 00:00 0 
7f766069b000-7f766069c000 ---p 00000000 00:00 0 
7f766069c000-7f76606a0000 ---p 00000000 00:00 0 
7f76606a0000-7f766079c000 rw-p 00000000 00:00 0 
7f766079c000-7f766079d000 ---p 00000000 00:00 0 
7f766079d000-7f76607a1000 ---p 00000000 00:00 0 
7f76607a1000-7f766089d000 rw-p 00000000 00:00 0 
7f766089d000-7f766089e000 ---p 00000000 00:00 0 
7f766089e000-7f76608a2000 ---p 00000000 00:00 0 
7f76608a2000-7f766099e000 rw-p 00000000 00:00 0 
7f766099e000-7f766099f000 ---p 00000000 00:00 0 
7f766099f000-7f76609a3000 ---p 00000000 00:00 0 
7f76609a3000-7f7660a9f000 rw-p 00000000 00:00 0 
7f7660a9f000-7f7660aa0000 ---p 00000000 00:00 0 
7f7660aa0000-7f7660aa4000 ---p 00000000 00:00 0 
7f7660aa4000-7f7660ba0000 rw-p 00000000 00:00 0 
7f7660ba0000-7f7660ba1000 ---p 00000000 00:00 0 
7f7660ba1000-7f7660ba5000 ---p 00000000 00:00 0 
7f7660ba5000-7f7660ca1000 rw-p 00000000 00:00 0 
7f7660cfd000-7f7660cfe000 ---p 00000000 00:00 0 
7f7660cfe000-7f7660d02000 ---p 00000000 00:00 0 
7f7660d02000-7f7660dfe000 rw-p 00000000 00:00 0 
7f7660dfe000-7f7660dff000 ---p 00000000 00:00 0 
7f7660dff000-7f7660e03000 ---p 00000000 00:00 0 
7f7660e03000-7f7660eff000 rw-p 00000000 00:00 0 
7f7660eff000-7f7660f00000 ---p 00000000 00:00 0 
7f7660f00000-7f7660f04000 ---p 00000000 00:00 0 
7f7660f04000-7f7661000000 rw-p 00000000 00:00 0 
7f7661000000-7f7661455000 rw-p 00001000 00:25 13842                      /usr/lib/jvm/java-17-openjdk-amd64/lib/server/classes.jsa
7f7661455000-7f7661bca000 rw-p 00456000 00:25 13842                      /usr/lib/jvm/java-17-openjdk-amd64/lib/server/classes.jsa
7f7661bca000-7f7662000000 ---p 00000000 00:00 0 
7f7662000000-7f7662040000 rw-p 00000000 00:00 0 
7f7662040000-7f7662080000 rw-p 00000000 00:00 0 
7f7662080000-7f7662140000 rw-p 00000000 00:00 0 
7f7662140000-7f7662180000 rw-p 00000000 00:00 0 
7f7662180000-7f7662440000 rw-p 00000000 00:00 0 
7f7662440000-7f7662d70000 rw-p 00000000 00:00 0 
7f7662d70000-7f7662d80000 ---p 00000000 00:00 0 
7f7662d80000-7f7663530000 rw-p 00000000 00:00 0 
7f7663530000-7f767c000000 ---p 00000000 00:00 0 
7f767c000000-7f767c074000 rw-p 00000000 00:00 0 
7f767c074000-7f7680000000 ---p 00000000 00:00 0 
7f7680000000-7f7680400000 rw-p 00000000 00:00 0 
7f7680400000-7f7680900000 rw-p 00000000 00:00 0 
7f7680900000-7f7680a00000 rw-p 00000000 00:00 0 
7f7680a00000-7f7681580000 rw-p 00000000 00:00 0 
7f7681580000-7f7681600000 rw-p 00000000 00:00 0 
7f7681600000-7f7681700000 rw-p 00000000 00:00 0 
7f7681700000-7f7681900000 rw-p 00000000 00:00 0 
7f7681900000-7f7681a00000 rw-p 00000000 00:00 0 
7f7681a00000-7f7682d80000 rw-p 00000000 00:00 0 
7f7682d80000-7f7683300000 rw-p 00000000 00:00 0 
7f7683300000-7f7683400000 rw-p 00000000 00:00 0 
7f7683400000-7f7684000000 rw-p 00000000 00:00 0 
7f7684000000-7f7686d63000 rw-p 00000000 00:00 0 
7f7686d63000-7f7688000000 ---p 00000000 00:00 0 
7f768800a000-7f7688044000 r--s 00000000 fe:00 133690                     /root/.gradle/caches/modules-2/files-2.1/io.ktor/ktor-io-jvm/3.0.0/62c4e08f3d905d06fd4ed32028950fecae7c0ba3/ktor-io-jvm-3.0.0.jar
7f7688044000-7f76880a4000 r--s 00000000 fe:00 133682                     /root/.gradle/caches/modules-2/files-2.1/org.jetbrains.kotlinx/kotlinx-serialization-core-jvm/1.7.3/1f226780b845ff9206474c05159245d861556249/kotlinx-serialization-core-jvm-1.7.3.jar
7f76880f5000-7f76880f6000 ---p 00000000 00:00 0 
7f76880f6000-7f76880fa000 ---p 00000000 00:00 0 
7f76880fa000-7f76881f6000 rw-p 00000000 00:00 0 
7f76881f6000-7f76881f7000 ---p 00000000 00:00 0 
7f76881f7000-7f76881fb000 ---p 00000000 00:00 0 
7f76881fb000-7f76882f7000 rw-p 00000000 00:00 0 
7f76882f7000-7f76882f8000 ---p 00000000 00:00 0 
7f76882f8000-7f76882fc000 ---p 00000000 00:00 0 
7f76882fc000-7f76883f8000 rw-p 00000000 00:00 0 
7f76883f8000-7f76883f9000 ---p 00000000 00:00 0 
7f76883f9000-7f76883fd000 ---p 00000000 00:00 0 
7f76883fd000-7f76884f9000 rw-p 00000000 00:00 0 
7f76884f9000-7f76884fa000 ---p 00000000 00:00 0 
7f76884fa000-7f76884fe000 ---p 00000000 00:00 0 
7f76884fe000-7f76885fa000 rw-p 00000000 00:00 0 
7f76885fa000-7f76885fb000 ---p 00000000 00:00 0 
7f76885fb000-7f76885ff000 ---p 00000000 00:00 0 
7f76885ff000-7f76886fb000 rw-p 00000000 00:00 0 
7f76886fb000-7f76886fc000 ---p 00000000 00:00 0 
7f76886fc000-7f7688700000 ---p 00000000 00:00 0 
7f7688700000-7f76887fc000 rw-p 00000000 00:00 0 
7f76887fc000-7f76887fd000 ---p 00000000 00:00 0 
7f76887fd000-7f7688801000 ---p 00000000 00:00 0 
7f7688801000-7f76888fd000 rw-p 00000000 00:00 0 
7f76888fd000-7f76888fe000 ---p 00000000 00:00 0 
7f76888fe000-7f7688902000 ---p 00000000 00:00 0 
7f7688902000-7f76889fe000 rw-p 00000000 00:00 0 
7f76889fe000-7f76889ff000 ---p 00000000 00:00 0 
7f76889ff000-7f7688a03000 ---p 00000000 00:00 0 
7f7688a03000-7f7688aff000 rw-p 00000000 00:00 0 
7f7688aff000-7f7688b00000 ---p 00000000 00:00 0 
7f7688b00000-7f7688b04000 ---p 00000000 00:00 0 
7f7688b04000-7f7688c00000 rw-p 00000000 00:00 0 
7f7688c00000-7f7688c53000 r-xp 00000000 fe:00 132115                     /root/.gradle/native/38dada09dfb8b06ba9b0570ebf7e218e3eb74d4ef43ca46872605cf95ebc2f47/linux-amd64/libnative-platform-file-events.so
7f7688c53000-7f7688e52000 ---p 00053000 fe:00 132115                     /root/.gradle/native/38dada09dfb8b06ba9b0570ebf7e218e3eb74d4ef43ca46872605cf95ebc2f47/linux-amd64/libnative-platform-file-events.so
7f7688e52000-7f7688e53000 r--p 00052000 fe:00 132115                     /root/.gradle/native/38dada09dfb8b06ba9b0570ebf7e218e3eb74d4ef43ca46872605cf95ebc2f47/linux-amd64/libnative-platform-file-events.so
7f7688e53000-7f7688e55000 rw-p 00053000 fe:00 132115                     /root/.gradle/native/38dada09dfb8b06ba9b0570ebf7e218e3eb74d4ef43ca46872605cf95ebc2f47/linux-amd64/libnative-platform-file-events.so
7f7688e8d000-7f7688e9d000 r--s 00000000 fe:00 133670                     /root/.gradle/caches/modules-2/files-2.1/org.jetbrains.exposed/exposed-kotlin-datetime/0.56.0/cd8b17e22cbcb01b05e80a4529851f434135baa7/exposed-kotlin-datetime-0.56.0.jar
7f7688e9d000-7f7688eff000 r--s 00000000 fe:00 133679                     /root/.gradle/caches/modules-2/files-2.1/io.ktor/ktor-http-jvm/3.0.0/1e2de6cad6a9cf772ac376079fb502dc128e6665/ktor-http-jvm-3.0.0.jar
7f7688eff000-7f7688f00000 ---p 00000000 00:00 0 
7f7688f00000-7f7688f04000 ---p 00000000 00:00 0 
7f7688f04000-7f7689000000 rw-p 00000000 00:00 0 
7f7689000000-7f7689005000 r-xp 00000000 fe:00 132093                     /root/.gradle/native/c067742578af261105cb4f569cf0c3c89f3d7b1fecec35dd04571415982c5e48/linux-amd64/libnative-platform.so
7f7689005000-7f7689205000 ---p 00005000 fe:00 132093                     /root/.gradle/native/c067742578af261105cb4f569cf0c3c89f3d7b1fecec35dd04571415982c5e48/linux-amd64/libnative-platform.so
7f7689205000-7f7689206000 r--p 00005000 fe:00 132093                     /root/.gradle/native/c067742578af261105cb4f569cf0c3c89f3d7b1fecec35dd04571415982c5e48/linux-amd64/libnative-platform.so
7f7689206000-7f7689207000 rw-p 00006000 fe:00 132093                     /root/.gradle/native/c067742578af261105cb4f569cf0c3c89f3d7b1fecec35dd04571415982c5e48/linux-amd64/libnative-platform.so
7f768920e000-7f768923e000 r--s 00000000 fe:00 133708                     /root/.gradle/caches/modules-2/files-2.1/org.simplejavamail/core-module/8.10.0/c62dca7663ef866a6886c938f1b9f3490c43d0b4/core-module-8.10.0.jar
7f768923e000-7f7689268000 r--s 00000000 fe:00 133800                     /root/.gradle/caches/modules-2/files-2.1/io.ktor/ktor-server-netty-jvm/3.0.0/19e898cb7621ab6ee44dec24700ffac33e4636e8/ktor-server-netty-jvm-3.0.0.jar
7f7689268000-7f768928d000 r--s 00000000 fe:00 133694                     /root/.gradle/caches/modules-2/files-2.1/org.jetbrains.kotlinx/kotlinx-io-core-jvm/0.5.4/16566a36d64d88af421fbee163eeeb6aa6406a43/kotlinx-io-core-jvm-0.5.4.jar
7f768928d000-7f76892d0000 r--s 00000000 fe:00 133686                     /root/.gradle/caches/modules-2/files-2.1/org.jetbrains.kotlinx/kotlinx-serialization-json-jvm/1.7.3/6701e8c68d9e82387ce72ee96e8ddf058208d58f/kotlinx-serialization-json-jvm-1.7.3.jar
7f76892d7000-7f76892de000 r--s 00000000 fe:00 133667                     /root/.gradle/caches/modules-2/files-2.1/io.ktor/ktor-serialization-kotlinx-json-jvm/3.0.0/71918d32fcc23eb9bc05b8e0595737db15b8eee6/ktor-serialization-kotlinx-json-jvm-3.0.0.jar
7f76892de000-7f76892e8000 r--s 00000000 fe:00 133664                     /root/.gradle/caches/modules-2/files-2.1/io.ktor/ktor-server-content-negotiation-jvm/3.0.0/eda4c683db101419ef18bf65a27bcc405631048c/ktor-server-content-negotiation-jvm-3.0.0.jar
7f76892e8000-7f76892ee000 r--s 00000000 fe:00 133696                     /root/.gradle/caches/modules-2/files-2.1/org.jetbrains.kotlinx/kotlinx-io-bytestring-jvm/0.5.4/d02e90094c25c6c4689a9f4359c3dc3543f66958/kotlinx-io-bytestring-jvm-0.5.4.jar
7f76892ee000-7f76892ef000 r--p 00000000 00:25 13802                      /usr/lib/jvm/java-17-openjdk-amd64/lib/libextnet.so
7f76892ef000-7f76892f0000 r-xp 00001000 00:25 13802                      /usr/lib/jvm/java-17-openjdk-amd64/lib/libextnet.so
7f76892f0000-7f76892f1000 r--p 00002000 00:25 13802                      /usr/lib/jvm/java-17-openjdk-amd64/lib/libextnet.so
7f76892f1000-7f76892f2000 r--p 00002000 00:25 13802                      /usr/lib/jvm/java-17-openjdk-amd64/lib/libextnet.so
7f76892f2000-7f76892f3000 rw-p 00003000 00:25 13802                      /usr/lib/jvm/java-17-openjdk-amd64/lib/libextnet.so
7f76892f3000-7f76892f4000 ---p 00000000 00:00 0 
7f76892f4000-7f76892f8000 ---p 00000000 00:00 0 
7f76892f8000-7f76893f4000 rw-p 00000000 00:00 0 
7f76893f4000-7f76893f5000 ---p 00000000 00:00 0 
7f76893f5000-7f76894f5000 rw-p 00000000 00:00 0 
7f76894f5000-7f76894f6000 ---p 00000000 00:00 0 
7f76894f6000-7f76895f6000 rw-p 00000000 00:00 0 
7f76895f6000-7f76895f7000 ---p 00000000 00:00 0 
7f76895f7000-7f76896f7000 rw-p 00000000 00:00 0 
7f76896f7000-7f76896f8000 ---p 00000000 00:00 0 
7f76896f8000-7f76896fc000 ---p 00000000 00:00 0 
7f76896fc000-7f76897f8000 rw-p 00000000 00:00 0 
7f76897f8000-7f76897f9000 ---p 00000000 00:00 0 
7f76897f9000-7f76897fd000 ---p 00000000 00:00 0 
7f76897fd000-7f76898f9000 rw-p 00000000 00:00 0 
7f76898f9000-7f76898fa000 ---p 00000000 00:00 0 
7f76898fa000-7f76898fe000 ---p 00000000 00:00 0 
7f76898fe000-7f76899fa000 rw-p 00000000 00:00 0 
7f76899fa000-7f76899fb000 ---p 00000000 00:00 0 
7f76899fb000-7f76899ff000 ---p 00000000 00:00 0 
7f76899ff000-7f7689afb000 rw-p 00000000 00:00 0 
7f7689afb000-7f7689afc000 ---p 00000000 00:00 0 
7f7689afc000-7f7689b00000 ---p 00000000 00:00 0 
7f7689b00000-7f7689bfc000 rw-p 00000000 00:00 0 
7f7689bfc000-7f7689bfd000 ---p 00000000 00:00 0 
7f7689bfd000-7f7689c01000 ---p 00000000 00:00 0 
7f7689c01000-7f7689cfd000 rw-p 00000000 00:00 0 
7f7689cfd000-7f7689cfe000 ---p 00000000 00:00 0 
7f7689cfe000-7f7689d02000 ---p 00000000 00:00 0 
7f7689d02000-7f7689dfe000 rw-p 00000000 00:00 0 
7f7689dfe000-7f7689dff000 ---p 00000000 00:00 0 
7f7689dff000-7f7689e03000 ---p 00000000 00:00 0 
7f7689e03000-7f7689eff000 rw-p 00000000 00:00 0 
7f7689eff000-7f7689f00000 ---p 00000000 00:00 0 
7f7689f00000-7f7689f04000 ---p 00000000 00:00 0 
7f7689f04000-7f768c000000 rw-p 00000000 00:00 0 
7f768c000000-7f768c021000 rw-p 00000000 00:00 0 
7f768c021000-7f7690000000 ---p 00000000 00:00 0 
7f7690000000-7f7690055000 rw-p 00000000 00:00 0 
7f7690055000-7f7694000000 ---p 00000000 00:00 0 
7f7694000000-7f76940f5000 rw-p 00000000 00:00 0 
7f76940f5000-7f7698000000 ---p 00000000 00:00 0 
7f7698002000-7f7698004000 r--s 00000000 fe:00 133684                     /root/.gradle/caches/modules-2/files-2.1/org.jetbrains.kotlinx/kotlinx-serialization-json-io-jvm/1.7.3/8ac426493b27614559bcc2572fa007b84a814a54/kotlinx-serialization-json-io-jvm-1.7.3.jar
7f7698004000-7f7698006000 r--p 00000000 00:25 13821                      /usr/lib/jvm/java-17-openjdk-amd64/lib/libmanagement_ext.so
7f7698006000-7f7698009000 r-xp 00002000 00:25 13821                      /usr/lib/jvm/java-17-openjdk-amd64/lib/libmanagement_ext.so
7f7698009000-7f769800a000 r--p 00005000 00:25 13821                      /usr/lib/jvm/java-17-openjdk-amd64/lib/libmanagement_ext.so
7f769800a000-7f769800b000 r--p 00006000 00:25 13821                      /usr/lib/jvm/java-17-openjdk-amd64/lib/libmanagement_ext.so
7f769800b000-7f769800c000 rw-p 00007000 00:25 13821                      /usr/lib/jvm/java-17-openjdk-amd64/lib/libmanagement_ext.so
7f769800c000-7f769800d000 r--p 00000000 00:25 18147                      /usr/lib/x86_64-linux-gnu/libpthread.so.0
7f769800d000-7f769800e000 r-xp 00001000 00:25 18147                      /usr/lib/x86_64-linux-gnu/libpthread.so.0
7f769800e000-7f769800f000 r--p 00002000 00:25 18147                      /usr/lib/x86_64-linux-gnu/libpthread.so.0
7f769800f000-7f7698010000 r--p 00002000 00:25 18147                      /usr/lib/x86_64-linux-gnu/libpthread.so.0
7f7698010000-7f7698011000 rw-p 00003000 00:25 18147                      /usr/lib/x86_64-linux-gnu/libpthread.so.0
7f7698011000-7f7698015000 r--p 00000000 00:25 13831                      /usr/lib/jvm/java-17-openjdk-amd64/lib/libverify.so
7f7698015000-7f769801c000 r-xp 00004000 00:25 13831                      /usr/lib/jvm/java-17-openjdk-amd64/lib/libverify.so
7f769801c000-7f769801e000 r--p 0000b000 00:25 13831                      /usr/lib/jvm/java-17-openjdk-amd64/lib/libverify.so
7f769801e000-7f7698020000 r--p 0000c000 00:25 13831                      /usr/lib/jvm/java-17-openjdk-amd64/lib/libverify.so
7f7698020000-7f7698021000 rw-p 0000e000 00:25 13831                      /usr/lib/jvm/java-17-openjdk-amd64/lib/libverify.so
7f7698021000-7f7698025000 r--p 00000000 00:25 13823                      /usr/lib/jvm/java-17-openjdk-amd64/lib/libnet.so
7f7698025000-7f7698033000 r-xp 00004000 00:25 13823                      /usr/lib/jvm/java-17-openjdk-amd64/lib/libnet.so
7f7698033000-7f7698037000 r--p 00012000 00:25 13823                      /usr/lib/jvm/java-17-openjdk-amd64/lib/libnet.so
7f7698037000-7f7698038000 r--p 00015000 00:25 13823                      /usr/lib/jvm/java-17-openjdk-amd64/lib/libnet.so
7f7698038000-7f7698039000 rw-p 00016000 00:25 13823                      /usr/lib/jvm/java-17-openjdk-amd64/lib/libnet.so
7f7698039000-7f769803f000 r--p 00000000 00:25 13824                      /usr/lib/jvm/java-17-openjdk-amd64/lib/libnio.so
7f769803f000-7f7698048000 r-xp 00006000 00:25 13824                      /usr/lib/jvm/java-17-openjdk-amd64/lib/libnio.so
7f7698048000-7f769804c000 r--p 0000f000 00:25 13824                      /usr/lib/jvm/java-17-openjdk-amd64/lib/libnio.so
7f769804c000-7f769804d000 r--p 00013000 00:25 13824                      /usr/lib/jvm/java-17-openjdk-amd64/lib/libnio.so
7f769804d000-7f769804e000 rw-p 00014000 00:25 13824                      /usr/lib/jvm/java-17-openjdk-amd64/lib/libnio.so
7f769804e000-7f7698050000 r--p 00000000 00:25 13832                      /usr/lib/jvm/java-17-openjdk-amd64/lib/libzip.so
7f7698050000-7f7698054000 r-xp 00002000 00:25 13832                      /usr/lib/jvm/java-17-openjdk-amd64/lib/libzip.so
7f7698054000-7f7698056000 r--p 00006000 00:25 13832                      /usr/lib/jvm/java-17-openjdk-amd64/lib/libzip.so
7f7698056000-7f7698057000 r--p 00007000 00:25 13832                      /usr/lib/jvm/java-17-openjdk-amd64/lib/libzip.so
7f7698057000-7f7698058000 rw-p 00008000 00:25 13832                      /usr/lib/jvm/java-17-openjdk-amd64/lib/libzip.so
7f7698058000-7f7698059000 ---p 00000000 00:00 0 
7f7698059000-7f769805d000 ---p 00000000 00:00 0 
7f769805d000-7f7698159000 rw-p 00000000 00:00 0 
7f7698159000-7f769815a000 ---p 00000000 00:00 0 
7f769815a000-7f769825a000 rw-p 00000000 00:00 0 
7f769825a000-7f769825f000 r--p 00000000 00:25 13817                      /usr/lib/jvm/java-17-openjdk-amd64/lib/libjsvml.so
7f769825f000-7f76982a0000 r-xp 00005000 00:25 13817                      /usr/lib/jvm/java-17-openjdk-amd64/lib/libjsvml.so
7f76982a0000-7f7698329000 r--p 00046000 00:25 13817                      /usr/lib/jvm/java-17-openjdk-amd64/lib/libjsvml.so
7f7698329000-7f769832a000 r--p 000ce000 00:25 13817                      /usr/lib/jvm/java-17-openjdk-amd64/lib/libjsvml.so
7f769832a000-7f769832b000 rw-p 000cf000 00:25 13817                      /usr/lib/jvm/java-17-openjdk-amd64/lib/libjsvml.so
7f769832b000-7f7698448000 rw-p 00000000 00:00 0 
7f7698448000-7f7698449000 ---p 00000000 00:00 0 
7f7698449000-7f7698549000 rw-p 00000000 00:00 0 
7f7698549000-7f769854a000 ---p 00000000 00:00 0 
7f769854a000-7f769884c000 rw-p 00000000 00:00 0 
7f769884c000-7f769884d000 ---p 00000000 00:00 0 
7f769884d000-7f7698ff9000 rw-p 00000000 00:00 0 
7f7698ff9000-7f769903d000 ---p 00000000 00:00 0 
7f769903d000-7f7699059000 rw-p 00000000 00:00 0 
7f7699059000-7f769a935000 ---p 00000000 00:00 0 
7f769a935000-7f769aff9000 rw-p 00000000 00:00 0 
7f769aff9000-7f769b03d000 ---p 00000000 00:00 0 
7f769b03d000-7f769b059000 rw-p 00000000 00:00 0 
7f769b059000-7f769c935000 ---p 00000000 00:00 0 
7f769c935000-7f769ca23000 rw-p 00000000 00:00 0 
7f769ca23000-7f769ca2b000 ---p 00000000 00:00 0 
7f769ca2b000-7f769ca2f000 rw-p 00000000 00:00 0 
7f769ca2f000-7f769cd4a000 ---p 00000000 00:00 0 
7f769cd4a000-7f769ce23000 rw-p 00000000 00:00 0 
7f769ce23000-7f769ce2b000 ---p 00000000 00:00 0 
7f769ce2b000-7f769ce2f000 rw-p 00000000 00:00 0 
7f769ce2f000-7f769d14a000 ---p 00000000 00:00 0 
7f769d14a000-7f769d223000 rw-p 00000000 00:00 0 
7f769d223000-7f769d22b000 ---p 00000000 00:00 0 
7f769d22b000-7f769d22f000 rw-p 00000000 00:00 0 
7f769d22f000-7f769d54a000 ---p 00000000 00:00 0 
7f769d54a000-7f769d54d000 rw-p 00000000 00:00 0 
7f769d54d000-7f769f55d000 rwxp 00000000 00:00 0 
7f769f56d000-7f76a4a85000 ---p 00000000 00:00 0 
7f76a4a85000-7f76a4d45000 rwxp 00000000 00:00 0 
7f76a4d45000-7f76a5014000 ---p 00000000 00:00 0 
7f76a5014000-7f76a5734000 rwxp 00000000 00:00 0 
7f76a5734000-7f76ac54d000 ---p 00000000 00:00 0 
7f76ac54d000-7f76b4000000 r--s 00000000 00:25 13833                      /usr/lib/jvm/java-17-openjdk-amd64/lib/modules
7f76b4000000-7f76b52e3000 rw-p 00000000 00:00 0 
7f76b52e3000-7f76b8000000 ---p 00000000 00:00 0 
7f76b8002000-7f76b8004000 r--p 00000000 00:25 13819                      /usr/lib/jvm/java-17-openjdk-amd64/lib/libmanagement.so
7f76b8004000-7f76b8005000 r-xp 00002000 00:25 13819                      /usr/lib/jvm/java-17-openjdk-amd64/lib/libmanagement.so
7f76b8005000-7f76b8006000 r--p 00003000 00:25 13819                      /usr/lib/jvm/java-17-openjdk-amd64/lib/libmanagement.so
7f76b8006000-7f76b8007000 r--p 00003000 00:25 13819                      /usr/lib/jvm/java-17-openjdk-amd64/lib/libmanagement.so
7f76b8007000-7f76b8008000 rw-p 00004000 00:25 13819                      /usr/lib/jvm/java-17-openjdk-amd64/lib/libmanagement.so
7f76b8008000-7f76b805f000 r--p 00000000 00:25 13882                      /usr/lib/locale/C.utf8/LC_CTYPE
7f76b805f000-7f76b8060000 r--p 00000000 00:25 13888                      /usr/lib/locale/C.utf8/LC_NUMERIC
7f76b8060000-7f76b8061000 r--p 00000000 00:25 13891                      /usr/lib/locale/C.utf8/LC_TIME
7f76b8061000-7f76b8062000 r--p 00000000 00:25 13881                      /usr/lib/locale/C.utf8/LC_COLLATE
7f76b8062000-7f76b8063000 r--p 00000000 00:25 13886                      /usr/lib/locale/C.utf8/LC_MONETARY
7f76b8063000-7f76b8064000 r--p 00000000 00:25 13885                      /usr/lib/locale/C.utf8/LC_MESSAGES/SYS_LC_MESSAGES
7f76b8064000-7f76b8065000 r--p 00000000 00:25 13889                      /usr/lib/locale/C.utf8/LC_PAPER
7f76b8065000-7f76b8066000 r--p 00000000 00:25 13887                      /usr/lib/locale/C.utf8/LC_NAME
7f76b8066000-7f76b806d000 r--s 00000000 00:25 17572                      /usr/lib/x86_64-linux-gnu/gconv/gconv-modules.cache
7f76b806d000-7f76b806e000 ---p 00000000 00:00 0 
7f76b806e000-7f76b816e000 rw-p 00000000 00:00 0 
7f76b816e000-7f76b816f000 ---p 00000000 00:00 0 
7f76b816f000-7f76b84c5000 rw-p 00000000 00:00 0 
7f76b84c5000-7f76b85a1000 ---p 00000000 00:00 0 
7f76b85a1000-7f76b85e2000 rw-p 00000000 00:00 0 
7f76b85e2000-7f76b868c000 ---p 00000000 00:00 0 
7f76b868c000-7f76b8692000 rw-p 00000000 00:00 0 
7f76b8692000-7f76b8698000 ---p 00000000 00:00 0 
7f76b8698000-7f76b86a0000 rw-s 00000000 fe:00 134516                     /tmp/hsperfdata_root/2026
7f76b86a0000-7f76b86ac000 r--p 00000000 00:25 13809                      /usr/lib/jvm/java-17-openjdk-amd64/lib/libjava.so
7f76b86ac000-7f76b86bd000 r-xp 0000c000 00:25 13809                      /usr/lib/jvm/java-17-openjdk-amd64/lib/libjava.so
7f76b86bd000-7f76b86c3000 r--p 0001d000 00:25 13809                      /usr/lib/jvm/java-17-openjdk-amd64/lib/libjava.so
7f76b86c3000-7f76b86c4000 r--p 00022000 00:25 13809                      /usr/lib/jvm/java-17-openjdk-amd64/lib/libjava.so
7f76b86c4000-7f76b86c5000 rw-p 00023000 00:25 13809                      /usr/lib/jvm/java-17-openjdk-amd64/lib/libjava.so
7f76b86c5000-7f76b86c6000 rw-p 00000000 00:00 0 
7f76b86c6000-7f76b86c7000 r--p 00000000 00:25 13804                      /usr/lib/jvm/java-17-openjdk-amd64/lib/libinstrument.so
7f76b86c7000-7f76b86cd000 r-xp 00001000 00:25 13804                      /usr/lib/jvm/java-17-openjdk-amd64/lib/libinstrument.so
7f76b86cd000-7f76b86d0000 r--p 00007000 00:25 13804                      /usr/lib/jvm/java-17-openjdk-amd64/lib/libinstrument.so
7f76b86d0000-7f76b86d1000 r--p 00009000 00:25 13804                      /usr/lib/jvm/java-17-openjdk-amd64/lib/libinstrument.so
7f76b86d1000-7f76b86d2000 rw-p 0000a000 00:25 13804                      /usr/lib/jvm/java-17-openjdk-amd64/lib/libinstrument.so
7f76b86d2000-7f76b86d4000 r--p 00000000 00:25 13813                      /usr/lib/jvm/java-17-openjdk-amd64/lib/libjimage.so
7f76b86d4000-7f76b86d7000 r-xp 00002000 00:25 13813                      /usr/lib/jvm/java-17-openjdk-amd64/lib/libjimage.so
7f76b86d7000-7f76b86d8000 r--p 00005000 00:25 13813                      /usr/lib/jvm/java-17-openjdk-amd64/lib/libjimage.so
7f76b86d8000-7f76b86d9000 r--p 00006000 00:25 13813                      /usr/lib/jvm/java-17-openjdk-amd64/lib/libjimage.so
7f76b86d9000-7f76b86da000 rw-p 00007000 00:25 13813                      /usr/lib/jvm/java-17-openjdk-amd64/lib/libjimage.so
7f76b86da000-7f76b86de000 ---p 00000000 00:00 0 
7f76b86de000-7f76b87da000 rw-p 00000000 00:00 0 
7f76b87da000-7f76b87dd000 r--p 00000000 00:25 17958                      /usr/lib/x86_64-linux-gnu/libgcc_s.so.1
7f76b87dd000-7f76b87f4000 r-xp 00003000 00:25 17958                      /usr/lib/x86_64-linux-gnu/libgcc_s.so.1
7f76b87f4000-7f76b87f8000 r--p 0001a000 00:25 17958                      /usr/lib/x86_64-linux-gnu/libgcc_s.so.1
7f76b87f8000-7f76b87f9000 r--p 0001d000 00:25 17958                      /usr/lib/x86_64-linux-gnu/libgcc_s.so.1
7f76b87f9000-7f76b87fa000 rw-p 0001e000 00:25 17958                      /usr/lib/x86_64-linux-gnu/libgcc_s.so.1
7f76b87fa000-7f76b880a000 r--p 00000000 00:25 18057                      /usr/lib/x86_64-linux-gnu/libm.so.6
7f76b880a000-7f76b887e000 r-xp 00010000 00:25 18057                      /usr/lib/x86_64-linux-gnu/libm.so.6
7f76b887e000-7f76b88d8000 r--p 00084000 00:25 18057                      /usr/lib/x86_64-linux-gnu/libm.so.6
7f76b88d8000-7f76b88d9000 r--p 000dd000 00:25 18057                      /usr/lib/x86_64-linux-gnu/libm.so.6
7f76b88d9000-7f76b88da000 rw-p 000de000 00:25 18057                      /usr/lib/x86_64-linux-gnu/libm.so.6
7f76b88da000-7f76b8973000 r--p 00000000 00:25 18224                      /usr/lib/x86_64-linux-gnu/libstdc++.so.6.0.30
7f76b8973000-7f76b8a74000 r-xp 00099000 00:25 18224                      /usr/lib/x86_64-linux-gnu/libstdc++.so.6.0.30
7f76b8a74000-7f76b8ae3000 r--p 0019a000 00:25 18224                      /usr/lib/x86_64-linux-gnu/libstdc++.so.6.0.30
7f76b8ae3000-7f76b8aee000 r--p 00209000 00:25 18224                      /usr/lib/x86_64-linux-gnu/libstdc++.so.6.0.30
7f76b8aee000-7f76b8af1000 rw-p 00214000 00:25 18224                      /usr/lib/x86_64-linux-gnu/libstdc++.so.6.0.30
7f76b8af1000-7f76b8af4000 rw-p 00000000 00:00 0 
7f76b8af4000-7f76b8d45000 r--p 00000000 00:25 13845                      /usr/lib/jvm/java-17-openjdk-amd64/lib/server/libjvm.so
7f76b8d45000-7f76b9a97000 r-xp 00251000 00:25 13845                      /usr/lib/jvm/java-17-openjdk-amd64/lib/server/libjvm.so
7f76b9a97000-7f76b9d18000 r--p 00fa3000 00:25 13845                      /usr/lib/jvm/java-17-openjdk-amd64/lib/server/libjvm.so
7f76b9d18000-7f76b9dd0000 r--p 01224000 00:25 13845                      /usr/lib/jvm/java-17-openjdk-amd64/lib/server/libjvm.so
7f76b9dd0000-7f76b9e05000 rw-p 012dc000 00:25 13845                      /usr/lib/jvm/java-17-openjdk-amd64/lib/server/libjvm.so
7f76b9e05000-7f76b9e61000 rw-p 00000000 00:00 0 
7f76b9e61000-7f76b9e87000 r--p 00000000 00:25 17847                      /usr/lib/x86_64-linux-gnu/libc.so.6
7f76b9e87000-7f76b9fdd000 r-xp 00026000 00:25 17847                      /usr/lib/x86_64-linux-gnu/libc.so.6
7f76b9fdd000-7f76ba030000 r--p 0017c000 00:25 17847                      /usr/lib/x86_64-linux-gnu/libc.so.6
7f76ba030000-7f76ba034000 r--p 001cf000 00:25 17847                      /usr/lib/x86_64-linux-gnu/libc.so.6
7f76ba034000-7f76ba036000 rw-p 001d3000 00:25 17847                      /usr/lib/x86_64-linux-gnu/libc.so.6
7f76ba036000-7f76ba043000 rw-p 00000000 00:00 0 
7f76ba043000-7f76ba045000 r--p 00000000 00:25 13814                      /usr/lib/jvm/java-17-openjdk-amd64/lib/libjli.so
7f76ba045000-7f76ba04e000 r-xp 00002000 00:25 13814                      /usr/lib/jvm/java-17-openjdk-amd64/lib/libjli.so
7f76ba04e000-7f76ba051000 r--p 0000b000 00:25 13814                      /usr/lib/jvm/java-17-openjdk-amd64/lib/libjli.so
7f76ba051000-7f76ba052000 r--p 0000d000 00:25 13814                      /usr/lib/jvm/java-17-openjdk-amd64/lib/libjli.so
7f76ba052000-7f76ba053000 rw-p 0000e000 00:25 13814                      /usr/lib/jvm/java-17-openjdk-amd64/lib/libjli.so
7f76ba053000-7f76ba056000 r--p 00000000 00:25 1006                       /usr/lib/x86_64-linux-gnu/libz.so.1.2.13
7f76ba056000-7f76ba069000 r-xp 00003000 00:25 1006                       /usr/lib/x86_64-linux-gnu/libz.so.1.2.13
7f76ba069000-7f76ba070000 r--p 00016000 00:25 1006                       /usr/lib/x86_64-linux-gnu/libz.so.1.2.13
7f76ba070000-7f76ba071000 r--p 0001c000 00:25 1006                       /usr/lib/x86_64-linux-gnu/libz.so.1.2.13
7f76ba071000-7f76ba072000 rw-p 0001d000 00:25 1006                       /usr/lib/x86_64-linux-gnu/libz.so.1.2.13
7f76ba072000-7f76ba073000 r--p 00000000 00:25 13880                      /usr/lib/locale/C.utf8/LC_ADDRESS
7f76ba073000-7f76ba074000 r--p 00000000 00:25 13890                      /usr/lib/locale/C.utf8/LC_TELEPHONE
7f76ba074000-7f76ba075000 r--p 00000000 00:25 13884                      /usr/lib/locale/C.utf8/LC_MEASUREMENT
7f76ba075000-7f76ba076000 r--p 00000000 00:25 13883                      /usr/lib/locale/C.utf8/LC_IDENTIFICATION
7f76ba076000-7f76ba077000 ---p 00000000 00:00 0 
7f76ba077000-7f76ba078000 r--p 00000000 00:00 0 
7f76ba078000-7f76ba079000 ---p 00000000 00:00 0 
7f76ba079000-7f76ba07b000 rw-p 00000000 00:00 0 
7f76ba07b000-7f76ba07c000 r--p 00000000 00:25 17633                      /usr/lib/x86_64-linux-gnu/ld-linux-x86-64.so.2
7f76ba07c000-7f76ba0a2000 r-xp 00001000 00:25 17633                      /usr/lib/x86_64-linux-gnu/ld-linux-x86-64.so.2
7f76ba0a2000-7f76ba0ac000 r--p 00027000 00:25 17633                      /usr/lib/x86_64-linux-gnu/ld-linux-x86-64.so.2
7f76ba0ac000-7f76ba0ae000 r--p 00031000 00:25 17633                      /usr/lib/x86_64-linux-gnu/ld-linux-x86-64.so.2
7f76ba0ae000-7f76ba0b0000 rw-p 00033000 00:25 17633                      /usr/lib/x86_64-linux-gnu/ld-linux-x86-64.so.2
7ffe2e793000-7ffe2e7b4000 rw-p 00000000 00:00 0                          [stack]
7ffe2e7e0000-7ffe2e7e3000 r--p 00000000 00:00 0                          [vvar]
7ffe2e7e3000-7ffe2e7e5000 r-xp 00000000 00:00 0                          [vdso]
ffffffffff600000-ffffffffff601000 r-xp 00000000 00:00 0                  [vsyscall]


VM Arguments:
jvm_args: -XX:MaxMetaspaceSize=512m -XX:+UseG1GC --add-opens=java.base/java.util=ALL-UNNAMED --add-opens=java.base/java.lang=ALL-UNNAMED --add-opens=java.base/java.lang.invoke=ALL-UNNAMED --add-opens=java.prefs/java.util.prefs=ALL-UNNAMED --add-opens=java.base/java.nio.charset=ALL-UNNAMED --add-opens=java.base/java.net=ALL-UNNAMED --add-opens=java.base/java.util.concurrent.atomic=ALL-UNNAMED -Xmx2g -Dfile.encoding=UTF-8 -Duser.country -Duser.language=en -Duser.variant -javaagent:/tmp/gradle-8.5/lib/agents/gradle-instrumentation-agent-8.5.jar 
java_command: org.gradle.launcher.daemon.bootstrap.GradleDaemon 8.5
java_class_path (initial): /tmp/gradle-8.5/lib/gradle-launcher-8.5.jar
Launcher Type: SUN_STANDARD

[Global flags]
     intx CICompilerCount                          = 2                                         {product} {ergonomic}
   size_t CompressedClassSpaceSize                 = 436207616                                 {product} {ergonomic}
     uint ConcGCThreads                            = 1                                         {product} {ergonomic}
     uint G1ConcRefinementThreads                  = 2                                         {product} {ergonomic}
   size_t G1HeapRegionSize                         = 1048576                                   {product} {ergonomic}
    uintx GCDrainStackTargetSize                   = 64                                        {product} {ergonomic}
   size_t InitialHeapSize                          = 33554432                                  {product} {ergonomic}
   size_t MarkStackSize                            = 4194304                                   {product} {ergonomic}
   size_t MaxHeapSize                              = 2147483648                                {product} {command line}
   size_t MaxMetaspaceSize                         = 536870912                                 {product} {command line}
   size_t MaxNewSize                               = 1287651328                                {product} {ergonomic}
   size_t MinHeapDeltaBytes                        = 1048576                                   {product} {ergonomic}
   size_t MinHeapSize                              = 8388608                                   {product} {ergonomic}
    uintx NonNMethodCodeHeapSize                   = 5826188                                {pd product} {ergonomic}
    uintx NonProfiledCodeHeapSize                  = 122916026                              {pd product} {ergonomic}
    uintx ProfiledCodeHeapSize                     = 122916026                              {pd product} {ergonomic}
    uintx ReservedCodeCacheSize                    = 251658240                              {pd product} {ergonomic}
     bool SegmentedCodeCache                       = true                                      {product} {ergonomic}
   size_t SoftMaxHeapSize                          = 2147483648                             {manageable} {ergonomic}
     bool UseCompressedClassPointers               = true                           {product lp64_product} {ergonomic}
     bool UseCompressedOops                        = true                           {product lp64_product} {ergonomic}
     bool UseG1GC                                  = true                                      {product} {command line}

Logging:
Log output configuration:
 #0: stdout all=warning uptime,level,tags
 #1: stderr all=off uptime,level,tags

Environment Variables:
PATH=/usr/local/sbin:/usr/local/bin:/usr/sbin:/usr/bin:/sbin:/bin:/tmp/gradle-8.5/bin:/tmp/gradle-8.5/bin:/tmp/gradle-8.5/bin
SHELL=/bin/bash
LANG=C.UTF-8
LC_ALL=C.UTF-8
TERM=tmux-256color

Active Locale:
LC_ALL=C.UTF-8
LC_COLLATE=C.UTF-8
LC_CTYPE=C.UTF-8
LC_MESSAGES=C.UTF-8
LC_MONETARY=C.UTF-8
LC_NUMERIC=C.UTF-8
LC_TIME=C.UTF-8

Signal Handlers:
   SIGSEGV: crash_handler in libjvm.so, mask=11100100010111111101111111111110, flags=SA_RESTART|SA_SIGINFO, unblocked
    SIGBUS: crash_handler in libjvm.so, mask=11100100010111111101111111111110, flags=SA_RESTART|SA_SIGINFO, unblocked
    SIGFPE: crash_handler in libjvm.so, mask=11100100010111111101111111111110, flags=SA_RESTART|SA_SIGINFO, unblocked
   SIGPIPE: javaSignalHandler in libjvm.so, mask=11100100010111111101111111111110, flags=SA_RESTART|SA_SIGINFO, unblocked
   SIGXFSZ: javaSignalHandler in libjvm.so, mask=11100100010111111101111111111110, flags=SA_RESTART|SA_SIGINFO, unblocked
    SIGILL: crash_handler in libjvm.so, mask=11100100010111111101111111111110, flags=SA_RESTART|SA_SIGINFO, unblocked
   SIGUSR2: SR_handler in libjvm.so, mask=00100000000000000000000000000000, flags=SA_RESTART|SA_SIGINFO, unblocked
    SIGHUP: UserHandler in libjvm.so, mask=11100100010111111101111111111110, flags=SA_RESTART|SA_SIGINFO, unblocked
    SIGINT: UserHandler in libjvm.so, mask=11100100010111111101111111111110, flags=SA_RESTART|SA_SIGINFO, unblocked
   SIGTERM: UserHandler in libjvm.so, mask=11100100010111111101111111111110, flags=SA_RESTART|SA_SIGINFO, unblocked
   SIGQUIT: UserHandler in libjvm.so, mask=11100100010111111101111111111110, flags=SA_RESTART|SA_SIGINFO, blocked
   SIGTRAP: crash_handler in libjvm.so, mask=11100100010111111101111111111110, flags=SA_RESTART|SA_SIGINFO, unblocked


Periodic native trim disabled


---------------  S Y S T E M  ---------------

OS:
PRETTY_NAME="Debian GNU/Linux 12 (bookworm)"
NAME="Debian GNU/Linux"
VERSION_ID="12"
VERSION="12 (bookworm)"
VERSION_CODENAME=bookworm
ID=debian
HOME_URL="https://www.debian.org/"
SUPPORT_URL="https://www.debian.org/support"
BUG_REPORT_URL="https://bugs.debian.org/"
uname: Linux 4.19.91-c8dfc93.al7.x86_64 #1 SMP Tue Sep 26 10:25:51 UTC 2023 x86_64
OS uptime: 0 days 0:23 hours
libc: glibc 2.36 NPTL 2.36 
rlimit (soft/hard): STACK 8192k/infinity , CORE 0k/0k , NPROC 100000/100000 , NOFILE 100000/100000 , AS infinity/infinity , CPU infinity/infinity , DATA infinity/infinity , FSIZE infinity/infinity , MEMLOCK 64k/64k
load average: 3.73 1.55 0.60

/proc/meminfo:
MemTotal:        2152516 kB
MemFree:          933296 kB
MemAvailable:     913020 kB
Buffers:             112 kB
Cached:            13124 kB
SwapCached:            0 kB
Active:          1134380 kB
Inactive:          11040 kB
Active(anon):    1132300 kB
Inactive(anon):       16 kB
Active(file):       2080 kB
Inactive(file):    11024 kB
Unevictable:           0 kB
Mlocked:               0 kB
SwapTotal:             0 kB
SwapFree:              0 kB
Dirty:               168 kB
Writeback:             0 kB
AnonPages:       1132284 kB
Mapped:             9524 kB
Shmem:                32 kB
Slab:              26080 kB
SReclaimable:      13828 kB
SUnreclaim:        12252 kB
KernelStack:        2624 kB
PageTables:         3704 kB
NFS_Unstable:          0 kB
Bounce:                0 kB
WritebackTmp:          0 kB
CommitLimit:     1076256 kB
Committed_AS:    1383628 kB
VmallocTotal:   34359738367 kB
VmallocUsed:           0 kB
VmallocChunk:          0 kB
Percpu:              384 kB
AnonHugePages:    126976 kB
ShmemHugePages:        0 kB
ShmemPmdMapped:        0 kB
HugePages_Total:       0
HugePages_Free:        0
HugePages_Rsvd:        0
HugePages_Surp:        0
Hugepagesize:       2048 kB
Hugetlb:               0 kB
DirectMap4k:        8192 kB
DirectMap2M:     2523136 kB
DirectMap1G:           0 kB

/sys/kernel/mm/transparent_hugepage/enabled: [always] madvise never
/sys/kernel/mm/transparent_hugepage/hpage_pmd_size: 2097152
/sys/kernel/mm/transparent_hugepage/defrag (defrag/compaction efforts parameter): always defer defer+madvise madvise [never]

Process Memory:
Virtual Size: 4561360K (peak: 4575380K)
Resident Set Size: 797376K (peak: 797376K) (anon: 797376K, file: 0K, shmem: 0K)
Swapped out: 0K
C-Heap outstanding allocations: 102943K, retained: 25428K
glibc malloc tunables: (default)

/proc/sys/kernel/threads-max (system-wide limit on the number of threads): 1129
/proc/sys/vm/max_map_count (maximum number of memory map areas a process may have): 65530
/proc/sys/vm/swappiness (control to define how aggressively the kernel swaps out anonymous memory): 60
/proc/sys/kernel/pid_max (system-wide limit on number of process identifiers): 32768

container (cgroup) information:
container_type: cgroupv1
cpu_cpuset_cpus: 0-1
cpu_memory_nodes: 0
active_processor_count: 2
cpu_quota: no quota
cpu_period: 100000
cpu_shares: 12288
memory_limit_in_bytes: 2097152 k
memory_and_swap_limit_in_bytes: unlimited
memory_soft_limit_in_bytes: unlimited
memory_usage_in_bytes: 1159012 k
memory_max_usage_in_bytes: 2071436 k
kernel_memory_limit_in_bytes: unlimited
kernel_memory_usage_in_bytes: 20080 k
kernel_memory_max_usage_in_bytes: 55528 k
maximum number of tasks: unlimited
current number of tasks: 92

KVM virtualization detected
Steal ticks since vm start: 6248
Steal ticks percentage since vm start:  0.351

CPU: total 2 (initial active 2) (2 cores per cpu, 1 threads per core) family 6 model 85 stepping 7 microcode 0x1, cx8, cmov, fxsr, mmx, 3dnowpref, sse, sse2, sse3, ssse3, sse4.1, sse4.2, popcnt, lzcnt, tsc, tscinvbit, avx, avx2, aes, erms, clmul, bmi1, bmi2, adx, avx512f, avx512dq, avx512cd, avx512bw, avx512vl, fma, vzeroupper, avx512_vnni, clflush, clflushopt, clwb, hv
CPU Model and flags from /proc/cpuinfo:
model name	: Intel(R) Xeon(R) Processor @ 2.50GHz
flags		: fpu vme de pse tsc msr pae mce cx8 apic sep mtrr pge mca cmov pat pse36 clflush mmx fxsr sse sse2 ss ht syscall nx pdpe1gb rdtscp lm constant_tsc rep_good nopl xtopology nonstop_tsc cpuid tsc_known_freq pni pclmulqdq ssse3 fma cx16 pcid sse4_1 sse4_2 x2apic movbe popcnt tsc_deadline_timer aes xsave avx f16c rdrand hypervisor lahf_lm abm 3dnowprefetch cpuid_fault invpcid_single ssbd ibrs ibpb stibp ibrs_enhanced fsgsbase tsc_adjust bmi1 avx2 smep bmi2 erms invpcid mpx avx512f avx512dq rdseed adx smap clflushopt clwb avx512cd avx512bw avx512vl xsaveopt xsavec xgetbv1 xsaves umip avx512_vnni md_clear arch_capabilities

Online cpus: 0-1
Offline cpus: 
BIOS frequency limitation: <Not Available>
Frequency switch latency (ns): <Not Available>
Available cpu frequencies: <Not Available>
Current governor: <Not Available>
Core performance/turbo boost: <Not Available>

Memory: 4k page, physical 2097152k(938148k free), swap 0k(0k free)
Page Sizes: 4k

vm_info: OpenJDK 64-Bit Server VM (17.0.16+8-Debian-1deb12u1) for linux-amd64 JRE (17.0.16+8-Debian-1deb12u1), built on Aug 11 2025 10:28:33 by "buildd" with gcc 12.2.0

END.
